Periodo,Aguascalientes a/  ,Baja California a/  ,Baja California Sur a/  ,Campeche a/  ,Coahuila de Zaragoza a/  ,Colima a/  ,Chiapas a/  ,Chihuahua a/  ,Distrito Federal a/  ,Durango a/  ,Guanajuato a/  ,Guerrero a/  ,Hidalgo a/  ,Jalisco a/  ,México a/  ,Michoacán de Ocampo a/  ,Morelos a/  ,Nayarit a/  ,Nuevo León a/  ,Oaxaca a/  ,Puebla a/  ,Querétaro a/  ,Quintana Roo a/  ,San Luis Potosí a/  ,Sinaloa a/  ,Sonora a/  ,Tabasco a/  ,Tamaulipas a/  ,Tlaxcala a/  ,Veracruz de Ignacio de la Llave a/  ,Yucatán a/  ,Zacatecas a/  
2005/03,4.652458418,1.635328889,2.623865946,2.492287168,4.97128543,3.126243699,2.153446885,3.422027317,5.470529164,4.159833139,4.564382747,1.460642188,3.230635195,3.573188227,5.17673512,2.166616586,2.692414281,2.439208022,5.442728317,1.87936496,3.401807836,3.96744926,2.776826821,3.222701097,3.095860008,3.609367457,3.64335728,5.23197781,3.861340076,3.274263948,2.587656876,3.094755759
2005/04,4.722180262,1.296912431,2.708098515,2.588465151,5.137830705,2.962102698,1.966228877,3.171076692,5.564670805,3.788996234,4.527202306,1.261139468,3.562908205,3.178662228,5.159776088,1.79362136,2.828975834,2.175417227,5.115800875,1.298034245,3.138558372,4.024361628,2.663827591,2.930499114,3.098911455,3.495427601,3.348310095,4.419272979,3.945105042,2.638531115,2.381240475,2.803587985
2005/05,5.342869785,1.212513519,2.310481597,2.682970417,5.075093503,2.961556156,2.018643458,2.227945088,5.509396048,3.294326237,4.108368635,1.158479287,3.642796503,2.893350748,5.047704369,2.263945921,2.919591211,2.325274838,4.618455884,1.336569281,2.844302497,3.802908112,2.966268571,2.589798303,3.584185046,2.625430503,2.862388716,4.100585237,3.969391662,2.541512604,2.649073769,2.210956603
2005/06,5.270292553,1.216469598,2.255499333,2.8465035,4.631665649,2.516738568,2.067357276,2.068998175,5.314170859,3.393132957,4.100312467,1.18946632,3.348946978,2.890649862,5.042350633,2.69481242,2.748355164,2.344460999,4.552591973,1.483388327,2.810907628,3.829637667,2.725041492,2.3751016,3.286843703,3.201228556,2.83768889,4.019277098,4.268962219,2.297240476,2.363152241,2.436161555
2005/07,4.714072502,1.158958534,2.320768306,2.75006374,4.381978307,2.605085444,2.00963373,1.923586762,5.975887715,3.284969618,3.531872126,1.159120072,2.963628401,3.446605799,5.142969875,3.64200979,2.605797297,2.63087279,5.286253092,2.056202661,2.914528959,4.039698277,3.085650691,2.507170795,3.870199712,3.516959041,3.106751914,4.255328054,4.457201481,1.931214609,2.494202633,2.937357821
2005/08,5.094236696,1.222828132,2.7095977,3.009374766,4.695943474,2.599752751,2.217931177,1.955037012,6.422372308,3.627796988,3.697386137,1.026016386,2.429960964,3.84673114,4.950194536,3.431813244,2.518522009,2.379065468,5.638982889,2.049477485,3.211303692,4.056846744,2.699368775,2.851016971,3.374790631,4.153222453,3.59788831,4.769785029,4.934127304,1.873715137,2.445359018,3.654345454
2005/09,5.304988492,1.287358678,2.45655595,2.751222327,4.346158719,3.219489877,2.37149528,2.375992641,6.375691755,3.321435244,3.816149391,0.997218017,2.360001739,4.208922604,4.853796273,3.235611975,2.405901087,2.630551134,5.828282899,2.105256007,3.362278134,4.334488761,2.739083801,2.715558545,3.634980162,4.174728333,3.715405979,4.817339939,4.808323563,1.724494788,2.668876791,3.483877241
2005/10,5.569646059,1.514253195,2.157634895,2.428541956,4.260609586,3.513350504,2.347499599,2.740505797,6.011567071,3.487561055,3.662564154,0.914890015,3.14018869,4.215461689,4.314683582,2.674586368,2.499900394,2.317964532,5.249628149,1.616281637,3.030790897,4.240402088,2.442480452,2.639670484,3.170386183,3.487713713,3.74244302,4.264028733,4.860515428,2.228868458,2.706972536,2.804411756
2005/11,4.529510962,1.596255133,1.837674999,1.747310276,4.215905976,3.698097642,1.944619439,2.54566056,5.408800728,2.967687493,3.197615803,0.881776932,3.370711841,3.62133406,4.324759521,2.687191491,2.35297855,2.332543778,4.652579929,1.628753746,3.05190729,3.919012988,2.62346524,2.318039304,2.986998205,3.036146786,3.526515019,3.23411884,4.516820332,2.453993899,2.432403026,2.278110194
2005/12,4.093753205,1.587024862,1.732880711,1.843241279,3.991578877,3.219168976,1.644692896,2.21691658,4.710899754,2.870291394,2.761599951,0.716206026,3.385790996,3.35473928,4.024917116,2.744997446,2.358488757,1.992371972,4.219115167,1.412491698,2.934741556,3.542361153,2.688851505,2.175571283,2.944811304,2.853895835,2.950303814,2.832913509,4.161239724,2.235018521,2.349308996,2.260510506
2006/01,4.54406837,1.586868593,1.798865876,2.148178353,4.692654238,3.344898662,1.643164312,2.081378829,4.558615795,2.802193209,2.626597883,0.799797915,2.900756125,3.371448219,4.024783314,2.920049373,2.399347569,2.41619328,4.152862992,1.616652766,3.223889823,3.719902651,2.834024681,2.362075501,2.57235143,3.033927711,2.916025384,3.130018088,4.577763501,2.111668679,1.912164334,3.211906174
2006/02,4.923556316,1.566861149,2.177998255,2.138692993,4.888426285,3.398759964,1.662853576,2.548637751,5.042064316,3.528100729,3.253450971,0.879940037,3.373723317,3.692203979,4.182472664,2.920128609,2.520079594,2.552740755,4.213851177,1.719865641,3.44671446,4.537303703,2.667718031,2.387779749,3.072383413,3.089934261,3.187940419,3.73193188,5.071558977,2.271583524,2.14188551,3.424648949
2006/03,5.069555388,1.55925288,2.329612253,2.10761098,5.786787882,3.592763649,1.806594489,2.861104424,5.441598021,4.003384758,3.460360906,1.111766739,3.525049679,3.713048807,4.218273004,2.874428617,2.450912328,2.787003335,4.628784289,1.703093731,3.823831644,4.770574839,2.500788448,2.462483697,3.10328165,2.863219408,3.641947703,3.903972363,5.839603553,2.394924703,2.252265605,3.562212312
2006/04,4.246942791,1.364508091,2.069878422,1.93373758,5.250606001,3.130464335,1.673360938,2.411535747,5.357699053,4.062018587,3.529556339,1.176032766,3.865089588,3.170523893,4.329750208,2.780738661,2.200586788,2.856597681,4.72283724,1.5654346,3.627621123,4.205934253,2.835983883,2.573212947,3.505538212,2.840566034,3.495275541,3.967641454,5.441097106,2.291551224,2.477210777,3.038394477
2006/05,4.362345141,1.135694135,2.001702432,1.828336839,5.277807163,2.747145071,1.684544255,2.695632562,4.564491059,3.385075551,3.053805178,1.2633594,3.538758008,2.820658864,3.898265603,2.615596661,2.433259227,2.611501247,4.774604641,1.487264498,3.045495046,3.595616387,2.841892068,2.568705134,2.842100505,2.887229037,2.955943222,3.714180748,4.624596475,1.98248899,2.341413239,3.116851438
2006/06,4.203542688,1.263567314,2.087441076,1.924763464,5.091734192,2.752481224,1.459076477,2.625491103,5.061761892,3.448220027,2.680697852,1.033192851,3.36500843,2.761604123,4.151594243,2.487815909,2.562256555,2.407984665,4.729668124,1.677555283,2.618661371,3.265299869,2.759903945,2.675305441,2.591477308,2.994611144,2.712224728,3.897297496,3.683783008,1.878134741,2.257372394,2.950056651
2006/07,4.355449748,1.590151451,2.194292427,2.325804979,5.498951134,3.267737081,1.624884719,2.757248107,5.469039633,3.706860168,3.089442454,1.376014566,3.598686363,3.113430642,4.742629172,2.772045731,2.635937105,2.595199756,5.344661848,1.721658433,2.359459265,3.687693038,2.623021215,2.657276623,2.957437181,3.005103933,2.67992094,4.395488119,3.832895375,1.695006338,2.444590302,2.958791883
2006/08,4.473059833,2.094284342,2.219473887,2.684315296,5.309752661,3.445421829,1.689456007,2.999392938,5.896295797,4.639965852,3.667482188,1.665321283,3.888731405,3.600532842,5.183536017,2.693498647,2.774511971,3.004060429,5.588849023,1.703456473,2.65899848,3.9544402,2.636628023,2.838673575,3.539125264,3.711333753,3.094201893,4.908027197,4.251406302,2.125668428,2.588896305,3.637303211
2006/09,4.817384344,2.215750479,2.020901809,2.889151767,5.627997545,3.713412541,1.965801393,2.975996805,6.108752093,4.551022911,4.270207024,2.016447341,3.551095078,3.859055415,5.246858908,3.00455142,3.283118604,3.403221999,5.876006876,1.892382231,3.107100063,4.199606861,2.749380225,2.856585325,4.085705791,3.922468235,3.461823294,5.560486295,5.199621797,2.130032736,2.648509135,4.051514405
2006/10,4.78333978,2.199108529,1.996382186,2.498151726,5.528413542,3.365814184,2.050541921,2.850546934,6.111865478,4.325315549,4.197766682,1.84881604,3.000265798,3.989739389,4.94228445,2.609078034,3.323588123,3.058118046,5.361158487,2.26851342,3.615363604,3.756195417,2.517988266,2.611641749,3.642669473,4.203103655,4.092312045,5.396497336,4.845242188,2.559599518,2.161532314,4.522911929
2006/11,4.231645287,2.036603865,1.60645046,2.308285935,5.59284483,3.292530707,2.133022402,2.657545121,6.221178542,3.536519053,3.588606094,1.379373234,2.789388645,3.64608759,5.204568164,2.921093878,3.156583971,2.839496214,4.950273587,2.241029501,3.297478408,3.982125327,2.596909947,2.381252785,3.075237,3.863110587,4.303054525,5.07452565,4.698097991,2.420992286,2.087701005,4.253442644
2006/12,3.971579897,2.100220198,1.554600432,1.859196708,5.014349085,2.998727095,2.1451193,2.785616446,5.392130215,3.088619706,3.409607845,1.228841799,3.187987016,3.741687557,5.051404884,2.532869217,2.840967285,2.714223661,4.408609352,1.967386213,2.955946271,3.623393707,2.519381449,2.478027104,2.677433947,3.595851049,4.109217321,4.889744447,4.17263111,2.594377742,1.867605435,3.921634343
2007/01,4.386723066,2.496330397,1.544299658,1.911615822,5.304782377,2.748699267,2.072914533,3.446562121,5.082804412,3.718600437,3.740792887,1.186826327,3.6714079,3.693664816,5.410674683,2.84707498,2.916091833,2.915502187,4.552800635,1.928764246,2.593548825,3.834015059,2.582213275,2.813271678,2.562368869,3.111333312,4.616510404,4.598510775,4.659316525,2.214089657,2.116227194,4.016901051
2007/02,5.121387957,2.546326129,1.806179437,2.207370359,5.732540271,2.724550876,2.107719792,3.661143008,5.227435581,4.213481678,4.303342439,1.17265496,4.340660287,3.81985004,5.594879451,2.671002249,3.166249678,3.171604068,4.830409479,1.925051757,3.319786477,3.634275886,2.802611987,3.13586453,2.621523692,2.612810621,4.789512307,4.916915721,4.667458559,2.18192354,1.846476292,4.355086795
2007/03,5.55109147,2.479983385,1.926452556,2.672764011,6.540269413,2.861552753,2.070534661,4.040538917,5.68276117,4.916953036,3.97247747,1.034317148,4.554843661,3.483024865,5.970654791,2.691444397,3.302196471,3.083967994,4.991924208,2.015595977,3.479293096,3.712007366,2.772589903,3.322005651,2.588528782,2.555471486,5.105971206,4.75906031,4.947458926,2.090374871,1.893573514,4.645039338
2007/04,4.896147065,2.026079227,1.863473312,2.390630188,6.299823174,2.978190559,1.966969169,3.562722211,6.154552192,4.035900529,3.259784465,0.743421475,4.376492529,2.903846923,5.920579493,1.888339836,3.137562869,2.971905072,4.70722512,1.620175957,3.64160319,3.579595345,2.532117473,2.998467757,2.689724445,2.616196058,4.720448662,4.986270622,5.005442323,2.182137999,1.79744234,4.218599763
2007/05,3.987130516,1.689081355,2.087326328,2.066169648,5.65865336,3.099964289,1.926844861,2.95275123,6.021548766,3.647323611,2.617764654,0.972835305,3.666658546,2.739251744,5.261730359,1.697503703,3.232581905,2.772781505,4.663587892,1.801222458,3.112342673,3.053676012,2.217823938,2.611004667,2.768926384,2.535008502,3.97976365,4.2870184,5.324105729,2.077975633,1.867879328,4.446376448
2007/06,3.493180124,1.471621583,1.865991692,1.412160771,4.734843407,3.024057238,2.086252987,2.630803308,5.95258822,2.877952403,2.658633715,1.243414527,3.496613728,2.971967813,4.897166472,1.625106923,2.725135971,2.599014869,4.432260662,1.592591047,2.737486609,3.26803259,2.422956876,2.382826326,2.954590362,2.953579665,3.910609795,4.078260148,4.775373642,2.074451526,2.229513759,4.041106989
2007/07,4.040047664,1.354854433,2.057456701,1.656542919,4.579577534,2.946412171,2.261986675,2.808753715,6.133623833,3.145788456,2.931806841,1.360894415,2.884937299,2.926169505,4.745501097,2.050146163,2.890035584,3.225024957,4.559932482,1.540493158,2.751031541,3.394113798,2.610415863,2.378603765,3.130324539,3.113794756,3.94879104,4.408002766,4.645418653,2.442303562,2.404026871,4.224820774
2007/08,4.875324937,1.453014272,1.806385207,1.880712718,5.123681205,2.954959167,2.221962856,3.249335147,5.989614866,3.376604014,3.301190157,1.35642809,2.962472871,3.459145182,5.232569044,2.480243818,2.878092739,3.483607529,4.428151133,1.424138625,3.386060192,3.950378456,2.411841487,2.884974215,2.943101255,3.465025589,4.426449873,5.302084421,5.270998184,2.319131602,2.573821073,3.521754152
2007/09,5.142477835,1.743354748,2.218053413,2.153588563,5.411374819,2.859675211,2.128158482,2.867278384,6.302518496,3.504569986,3.690024493,1.284023674,3.171019193,3.295631066,5.687191601,2.662443386,3.087191972,3.677783676,4.507270464,1.508348472,3.465365468,3.97479285,2.64624438,2.877585279,2.841037824,3.248993154,4.605026843,5.599932761,5.945949592,2.361564025,2.909585102,3.52626256
2007/10,5.243782897,1.888400359,2.353486128,2.356067913,5.18230025,2.882628394,2.018035384,3.357935278,6.137298026,3.186591361,3.774941561,1.20065839,3.281545638,3.847558967,5.580332697,2.791127642,3.350616164,3.132479542,4.011434395,1.840809954,3.667607235,3.840424787,3.191315333,2.999196381,2.690790484,3.307940233,4.120869209,4.798179462,5.803347889,2.296731278,2.894351043,3.52498226
2007/11,5.225598759,2.119215384,2.585747155,2.199871159,4.360698721,2.816041895,2.056298355,3.362012446,6.088780713,3.017403654,3.448269202,1.277992901,3.534060987,3.342196298,5.278385573,2.605366913,3.20987466,2.848077497,3.915633011,2.05703707,3.600097798,3.548262545,3.168177755,2.739677203,2.793240169,2.991086263,ND,4.107179236,4.792554797,2.441096682,2.717998703,3.226719235
2007/12,4.976873017,1.966136946,2.204174111,2.064924799,4.021267871,3.054678192,2.037913845,3.598267534,5.634426042,2.819591825,3.135198501,1.272456598,3.112683553,3.033753925,4.932447359,2.26785597,3.36491874,2.682146164,3.763481247,1.900663956,3.698059724,3.368800598,2.757114745,2.413610173,2.424348689,2.563852358,ND,3.565774052,4.525004277,2.759737518,1.914190637,3.484593383
2008/01,5.329253094,2.132694502,2.103715555,1.876653516,4.396619301,3.067084514,2.472007778,3.496254515,4.810200517,3.780251565,3.279363059,1.340778274,2.979263465,2.953365631,5.501933934,2.146237578,3.121406462,2.927305248,4.587723442,1.720495485,3.558990169,3.635062896,2.179351581,2.295183246,2.785150669,2.855799717,ND,4.074087875,4.701919843,2.966975932,2.160201998,3.393669899
2008/02,5.334305804,2.149563683,2.504368472,1.903605826,4.649155754,3.1256364,2.763676456,3.480538382,5.067034343,3.755659316,3.614096585,1.371007429,3.568134159,3.289369138,5.879495411,1.875436369,3.152282801,2.810279629,4.476483109,1.376767303,3.213336892,3.817693389,2.814951601,2.086879532,2.748702318,3.49730477,5.863137585,4.30771531,5.336473501,3.232606659,2.153474394,4.027265792
2008/03,5.751007958,2.459109078,2.588441495,1.827432918,5.515635537,3.155754621,2.936657208,3.666831828,5.208674616,4.057897555,4.511692889,1.251186281,3.516576534,3.375813901,5.659946114,2.764171755,3.032304582,3.188239485,4.61866059,1.887419236,3.570882284,4.081175308,3.27185396,2.430054364,2.822449313,3.86967747,4.404500261,4.167697179,5.612272342,3.032493802,2.325439239,4.071080443
2008/04,5.534928027,2.461505099,2.854183732,1.975899708,5.453324823,2.697005241,2.487876341,3.783856777,5.596185135,3.860287535,4.521970951,1.265471079,3.851836669,2.932389126,4.92409728,3.130576172,2.844007498,2.496205609,3.897017468,2.026462436,3.322851835,3.693289954,3.085908101,2.276483707,2.303522879,3.536406643,4.199787028,3.770122535,5.430763774,2.646546897,2.071214065,4.512966102
2008/05,5.056005036,2.641922295,2.686862252,1.817712564,5.469990177,2.444598665,2.0176112,3.66749957,5.23745782,3.628518388,4.513222414,1.050972066,2.754819272,2.662128186,4.441782752,2.99983482,2.435168501,2.73705249,4.022305229,2.225724647,3.09773547,3.385372864,2.696975834,2.637843693,2.536744498,3.257446518,3.776944354,3.849299087,5.226939374,2.51180153,2.304025855,4.340071245
2008/06,4.871073772,2.650292469,2.783560492,2.175664008,4.808644464,2.167274812,1.802656384,4.033702431,5.228062293,3.821861816,3.812858922,1.110340755,2.752767788,3.00390601,4.34587253,2.616421862,2.238370713,2.490231447,4.086014168,1.910545357,2.827656121,3.374328856,2.60636723,2.551094574,2.616446036,3.871466592,3.893395006,4.303923396,5.302123891,2.019196831,2.243884999,3.936714788
2008/07,4.770649786,3.098684407,3.019160373,2.136100657,4.961357253,2.389028607,1.801149559,4.457460656,5.620472893,3.240272947,4.013859011,1.230923404,2.694606817,3.439755283,4.513601157,2.633716252,2.502875199,3.091691104,4.582196262,1.920437364,2.914557498,3.676705723,2.96498724,3.051466942,3.558854902,3.996711755,3.522488044,4.756145016,5.744402223,2.102756316,2.360358213,3.644592943
2008/08,5.507217713,3.205102825,2.690458089,2.215021971,4.922595862,2.5533179,2.181604234,4.737810139,6.308502156,3.653599294,4.237903699,1.283765573,2.721544133,3.75451103,4.652214394,2.901883543,2.926819492,3.214487026,4.786648253,1.940891878,3.245387757,4.111509224,3.405308418,3.263706267,4.1734472,4.631925275,4.015977809,4.839445593,5.918419673,2.197789707,2.146081825,3.555234245
2008/09,6.200342895,3.477001806,3.128004159,2.074320996,5.881216646,2.797557827,2.269632165,4.643591642,6.365961888,3.631461581,4.781490085,1.210135796,3.341597857,3.717989507,4.905546402,2.881902862,3.097363214,3.581121135,4.918911122,2.631068218,3.733732934,4.075850143,3.722831257,3.680347906,4.976091971,4.238909244,4.369290238,5.069759795,6.145058797,2.721841035,2.521755469,3.920579982
2008/10,6.224041717,3.631559046,3.663227869,1.776972415,6.002559917,3.086610239,2.357261012,5.01863392,6.018532484,4.167399937,5.138427974,1.184380016,3.513757607,3.971462816,4.799206691,2.872378681,2.991086182,3.704852236,4.504689601,2.559844874,3.701842765,3.782327531,3.934981326,3.693836338,4.27921516,4.703655246,5.59822197,5.04457714,5.780921584,2.71389928,2.437888647,3.382312082
2008/11,5.943651261,4.206738919,4.264965616,1.932494908,6.116615632,3.274376583,2.603887789,5.953903557,5.676498449,5.382430794,5.218020373,1.254001192,4.597363193,3.873871459,5.012979227,3.205410621,3.070088548,3.590598183,4.494097929,2.744033902,3.587959199,3.796050429,3.994067425,3.392153642,3.845375211,4.194919099,5.98428663,4.956652605,5.865098387,2.734753094,2.390765373,3.312558579
2008/12,5.622471771,4.35081566,4.181953845,2.303767689,5.693401345,3.294281955,2.873655034,6.905918283,5.692743949,5.396362517,5.497952309,1.496377309,4.635532818,3.855886184,5.177194352,2.866175304,3.661160645,3.48233294,4.35204277,2.076933596,3.139457001,4.052808397,3.778356158,3.290647979,3.484183886,4.379333872,5.709349225,4.852596899,5.19494922,2.317972959,2.212301357,2.940861392
2009/01,6.301162753,5.229631222,4.701259489,2.508696683,6.952777594,3.781445906,3.143528108,6.628010439,5.699255053,5.732873686,5.428266123,1.540895961,5.647149251,4.19146648,5.762935243,2.420869086,3.893371907,3.257339735,5.319924943,2.31544381,3.629312295,4.772087787,3.614896097,3.352283653,3.459707697,4.637257268,4.717436072,5.249112379,5.626491349,2.3692391,2.315647109,3.51970903
2009/02,6.842633386,5.918586217,4.43838337,2.582346486,8.135056873,4.053011237,2.907708556,7.126168488,5.7210869,5.525464691,6.213854432,1.714604177,4.818189289,4.75086757,6.284583638,2.48444805,3.826520226,3.302254749,6.338564212,2.30569402,4.489342094,5.352380588,3.314417311,3.707499987,3.3473722,4.871780169,4.433370688,5.671744766,5.86981518,2.162654456,2.650132304,4.323070461
2009/03,7.389804868,6.35704959,5.296195683,2.18540675,8.436508114,4.128101683,2.463163282,8.24355875,5.617234043,6.383078025,5.795398084,1.604603463,4.784771612,5.309640295,6.333916348,3.296186349,3.42187751,3.084343175,6.958603068,2.518429447,4.638660955,6.059139181,3.468466495,3.867211249,3.205711392,5.40519427,4.92294452,5.754538664,6.095504249,2.632606732,2.849490594,4.619849474
2009/04,6.962645711,6.137600133,4.537473938,2.486854558,7.836722188,4.028626277,1.973319764,8.616400166,6.290115314,5.979501533,5.470435735,1.700867098,4.330372075,4.792062736,6.546484556,4.141509955,3.102296001,3.246939045,6.896864092,2.460073555,4.819812562,6.758474689,3.682326222,3.597690033,3.042749953,5.305050832,5.114165479,5.525560775,6.543037228,2.610995526,2.601897344,4.594073366
2009/05,7.195877476,5.772490346,5.31440127,2.549347591,7.5572815,3.875597658,1.593061755,8.033849315,6.532389892,5.743594792,4.783497836,1.579485714,5.153947722,4.290044378,6.960567608,4.426913229,2.910780091,3.055648933,6.661594549,2.225993329,4.044853708,7.385014079,4.733162989,3.567402156,3.537369132,5.614013465,5.336296466,5.970313728,6.391456352,2.914239137,2.541961031,3.930767955
2009/06,7.261632508,5.557528176,4.932406582,2.838203895,7.683133973,4.215261744,1.805034659,7.215454261,6.768083427,5.661207626,4.905606175,1.550996223,4.849136133,4.467443243,7.311837138,3.984650769,3.179684315,3.410749232,7.092754827,2.278074739,4.285940272,7.996864142,5.430895056,3.467273039,3.996692078,5.389036132,5.541881258,6.191190961,6.51945807,2.666337948,2.711285469,3.941996239
2009/07,7.526175667,5.619803649,5.458209134,2.43323719,8.156365897,4.208503913,2.037813873,7.708540916,7.246289772,6.507018324,5.271789013,1.732414435,5.397397101,5.061065489,7.223997891,3.507287796,3.586187798,3.970426904,7.359851085,1.882698355,4.428485648,8.338969806,6.049619552,4.05091215,4.343432999,5.742102367,6.184036895,6.580893256,6.315889109,3.017917013,3.204645058,4.566421924
2009/08,8.107643728,6.348678885,5.908513177,2.555085116,9.120328299,4.595740364,2.421296018,8.307788509,7.384265691,7.063576484,6.444582638,1.968119015,5.603973157,5.528597462,6.984844899,3.238882566,4.634583482,4.59454231,8.005132799,1.761667605,4.690247736,8.191857369,6.117902892,4.669544448,5.018741724,6.274985701,6.823365848,6.311475756,6.897783795,3.185616652,3.525424229,5.375551759
2009/09,8.139237619,7.540681199,6.235758656,2.641720909,9.646771317,4.886915754,2.664557322,9.540939698,8.317227128,6.63096321,7.588386678,1.917165298,7.121007537,5.727263646,7.651729992,3.321008369,5.178158995,4.544553017,8.277772204,1.651254208,4.995356422,8.413927757,6.296187853,4.962490292,5.884831401,6.976305273,6.677941608,6.738149845,7.811715255,3.375355731,3.411068479,6.018458406
2009/10,8.046731378,7.857727952,6.700329057,3.005145348,9.222415721,4.674765871,2.684391903,9.246560493,7.785546767,6.817323302,7.470864413,1.923085868,7.126597076,5.459155381,8.096310683,3.479673276,5.168135698,4.393099145,8.073733389,1.810485646,4.729074994,8.017661582,6.267725858,4.621526077,6.189967765,7.259611667,6.115229018,6.853546132,7.53541915,3.214560255,3.507462749,5.468889079
2009/11,7.223446435,7.547658696,6.384342578,3.526322225,8.051528936,4.700922792,2.858599766,8.749281186,7.338692417,6.948220885,6.780006233,1.849693488,6.53147756,5.264239122,7.687016762,3.504106292,4.146585646,3.772906185,7.594388775,1.996715972,4.043942875,8.245606458,5.936430032,4.18169671,5.753419464,6.978349114,5.553224579,6.499772245,6.807237966,3.184102061,3.090703592,5.150190961
2009/12,6.776776441,6.560870038,5.639838808,3.420525093,7.11319747,4.255008221,2.606859302,8.572983291,6.347925946,7.114086022,5.787272142,1.905293279,5.617636643,4.718677618,6.599523891,3.621541631,3.497144244,3.733357032,6.595277444,2.018914445,3.513414003,8.113438682,5.554370125,3.706996704,4.998392839,6.288420486,5.913698651,6.42401266,5.916286262,3.127196481,3.094320088,4.611534918
2010/01,7.139541718,6.113371455,5.408130027,3.472407561,6.892273793,4.650589876,2.771478058,8.660860597,6.339993249,6.117546643,6.088120922,1.911815604,4.810021797,5.038196978,6.604440112,3.206124024,4.069517368,3.241314876,6.826443082,2.385936998,3.546156583,8.371805453,5.141482631,3.883234115,4.67479754,6.545512103,6.221776353,6.091746283,6.129982728,3.415527461,2.834808901,5.227199662
2010/02,7.286357628,5.739321034,5.203518621,2.789551035,7.487902041,4.634533558,2.469249321,9.178966025,6.466538465,5.184267884,5.629131895,1.815740457,4.868425678,5.293509055,6.647097441,3.35680868,4.326754675,3.666452648,6.742582606,2.530293013,4.160646893,7.926430335,4.912357849,3.894946111,4.122140491,6.95406657,6.469505896,6.908466688,6.474368695,3.156237285,3.149882475,5.587430043
2010/03,7.549694825,5.76395548,6.214982082,2.625374769,7.922169816,4.422534434,2.314749266,8.644547651,6.360998141,5.35264641,5.551579924,2.282457447,4.038218579,5.106029614,6.917781991,3.164047576,4.203105375,3.648513582,6.863359743,2.811629182,4.321075977,6.575115444,4.824426963,4.145401735,3.716517678,7.540798589,6.962121237,6.191680565,6.490687712,3.180366615,2.889403927,5.902528899
2010/04,7.258249762,5.268753813,5.772555785,2.776393802,8.267079995,3.926053232,2.328609914,8.434626803,6.268293567,5.334378466,5.503623801,2.038680604,4.072746915,4.679667694,6.36679844,4.234935966,3.69476537,3.793385595,6.8871503,2.640835266,4.106565508,5.882373685,5.206292765,4.24435272,4.200234318,6.746697986,7.242585635,6.173621383,6.865961307,2.712691491,2.86099089,5.705571651
2010/05,6.657314191,5.350964118,5.731667615,3.225781095,7.671026579,4.221618161,2.350635801,8.243966095,6.317145994,5.126410603,5.817735317,1.828813334,4.050198874,4.58463355,6.118227749,3.805007306,4.217178595,3.690062235,6.412461669,2.411546095,4.06611219,6.454941468,5.068578466,3.838658035,4.61176917,6.179917685,7.499916507,6.178007057,6.355081128,2.756113982,2.668992743,5.335025199
2010/06,6.434793406,5.303114746,4.939375876,3.366348405,7.861546313,4.1248581,2.581721801,6.649201624,7.39690167,4.596625912,5.837697439,1.533249446,4.31953451,4.88985242,6.110715784,3.798342266,4.508338898,3.797375417,6.500687469,2.063362887,3.913620347,7.008855764,5.355271148,4.067191995,4.536030969,6.213265266,7.028095063,6.735817883,6.426143658,2.605115741,2.726742738,5.066857831
2010/07,5.805050913,5.673168368,5.479407164,3.295500583,7.492184425,4.7064325,2.524784028,6.692905286,7.457515311,4.678546178,6.093102662,1.319807256,4.600451974,5.415490216,6.253977127,3.118244508,4.362260018,3.876455708,6.635415522,1.806176797,3.760733442,7.319239459,4.847062589,3.865220112,4.418738468,6.937109532,7.004855203,6.934808818,6.196979672,3.477266899,2.682998045,4.491813835
2010/08,6.48751311,5.582778638,5.777973073,3.423168513,7.539671296,4.468748223,2.818888256,6.693170271,7.353071337,5.078885948,6.219933592,1.759910056,4.225331591,5.74685281,6.370591814,3.462886793,4.037597759,4.417466202,6.570459401,2.040529606,3.458923606,6.353633395,5.558148316,3.913901187,4.785717632,8.118373564,7.634545949,7.445611129,6.410506438,3.544394416,3.117115968,4.26665459
2010/09,6.348468798,5.929732802,6.395151523,3.630771837,7.693683,4.875225322,2.853220462,7.716383747,6.851974967,5.759197446,6.514132012,1.918020509,4.619784093,5.799311786,7.120047216,3.691713202,4.301480761,5.09225046,6.776077336,2.136260333,3.657836148,6.326338245,5.281045489,3.645651462,4.943736653,8.041986032,8.0320818,7.984080228,6.850484834,3.790565671,3.562949996,4.163518459
2010/10,6.835181786,6.026246816,6.592343653,3.421158909,7.312079113,4.452780291,2.918718086,6.799405279,7.039868305,5.874112445,5.689868631,2.207523521,3.967076864,5.619266096,6.988403973,3.878950333,4.517968823,5.000831491,6.051680052,2.411775659,3.942799585,6.561953714,5.7998472,4.078041177,5.050220026,8.637187655,8.838140177,8.290192971,6.910553211,3.440540447,3.660147439,4.550609129
2010/11,6.64406353,5.723259192,6.522191087,3.063895316,7.763102708,4.219275619,2.738353953,6.457301309,7.211301627,6.299995858,5.814353095,2.275349731,4.287526784,5.589142691,6.903102231,3.464480928,4.655394907,4.592489098,6.014238216,2.536580692,4.033839267,7.212918935,5.140087626,4.276653669,4.25932398,8.006172548,8.410369374,7.859722905,6.791082854,3.256199551,3.139050824,4.671551035
2010/12,6.952601383,5.331927923,5.679588034,2.708936514,6.915688429,4.40983398,2.770376745,5.534377989,6.445098938,5.623352177,5.788565326,2.102453425,3.934869444,5.486396448,6.527298258,3.493494227,3.878832039,3.816874171,5.78040274,2.574177242,4.151171133,7.137844082,5.060523547,4.261671675,4.060797388,7.542174179,8.173771193,7.677479051,6.573710298,3.779031766,2.471221664,5.142773731
2011/01,6.714011797,5.15189287,5.012651593,2.514902338,6.910422052,4.862811809,2.722904536,6.530658322,6.081354217,6.933072396,6.848714002,2.182561087,4.322047838,5.147141999,6.233274609,3.023521067,3.699221586,4.187477412,6.173802129,3.014178045,4.254833559,6.677546375,4.790585354,3.796874059,4.018863135,6.702580262,7.380214621,6.998802482,6.892862123,3.795006484,2.579221346,5.443560563
2011/02,6.555556723,5.30978352,5.062687212,2.3639504,6.153581386,4.913183366,2.453488706,6.603951749,6.111679269,6.540915303,6.972276774,1.831030703,4.632371348,4.898927288,6.44647741,3.168099966,3.315748829,3.900730003,6.186399378,3.13651849,4.554483394,6.373076149,4.729131583,4.021929269,4.263217863,6.804927896,6.719679293,7.153308446,7.23262042,4.286917516,2.814146677,6.323432966
2011/03,6.123687573,5.429910985,5.910918043,2.404900798,5.541237474,4.171486388,2.027425116,7.446712135,6.327197554,7.060807572,6.435584049,2.046916029,4.568899131,4.803115838,6.038790073,3.026261701,3.539251892,3.907266094,6.23453268,3.356741078,4.307827262,5.795969246,4.331011905,4.119359159,4.546998039,6.839697547,6.55095401,6.674956649,7.384237173,3.998073879,2.931298563,6.866932359
2011/04,5.998083167,5.872061303,5.912033177,2.864606897,5.418075867,4.201980542,1.77851521,7.212418218,5.85306628,6.426280071,5.998577227,2.067318721,4.443757584,5.218857853,6.089771182,3.105216534,3.503964389,3.922664498,5.644417672,2.948525036,4.626231629,5.684533141,3.891371554,4.078615037,4.524418124,6.811854209,6.196858639,7.500421885,6.838501072,3.955678345,2.583266649,6.721788506
2011/05,6.169796604,5.465861788,5.580716932,3.551026522,5.708473294,4.10682891,1.855142708,6.372334518,5.741290736,6.532556973,5.737182372,2.386452515,4.422932434,5.389234608,6.101171951,2.862226811,3.324650631,4.079687905,5.753122414,2.801048401,5.077438123,6.080428737,3.956000267,3.948835594,4.603097821,5.978402902,6.325600123,7.262549581,6.700657739,3.689167076,2.422700236,6.334919022
2011/06,6.287037064,5.579828419,5.61381265,3.74388926,6.290459565,4.53788718,1.988720245,6.426921681,5.964787461,7.173621874,6.04428582,2.409057477,4.958112529,5.705400671,6.613181861,2.840750097,3.43119036,5.137915383,6.042990264,2.656812011,5.194453282,6.612791889,4.477384822,3.973357552,5.249415299,5.771809246,6.343221356,8.402397091,6.611318656,3.591966447,2.44966398,6.412103339
2011/07,7.12983494,5.104337061,5.960963052,3.368819335,6.361310171,4.119741496,2.304331548,6.667457897,6.552021798,6.488867269,5.961297727,2.952701464,4.519404067,5.640777455,7.08463056,2.41006445,3.329351712,5.55563944,6.617604264,2.749376078,4.718789906,6.573379474,4.487296732,3.976527791,5.700320381,5.703748207,6.723811869,8.465428894,6.14529287,3.561709632,2.606550172,6.604213815
2011/08,7.625429029,5.948853258,6.739310531,2.875279812,6.202727904,4.848498979,2.306798723,7.236235735,7.151683713,6.566706518,6.020961652,2.812536275,4.14893819,5.524563201,6.748108357,2.761217155,3.385830625,6.082916006,6.568610929,2.715279373,4.463395703,6.04330387,4.934410943,4.441922586,5.701309344,6.951098872,7.036072704,8.964610776,6.544655527,4.434679835,2.775250628,7.463127898
2011/09,8.257312643,6.149472909,7.394240961,2.997178389,6.379095566,4.827816801,2.397067108,7.756674557,6.991124036,6.22899377,6.02928035,3.147827491,4.40164258,5.476087646,6.223010844,2.982998689,3.702695657,5.882373951,6.598792746,2.628615794,4.730459018,5.712911115,4.779512512,4.635966451,6.149063125,7.318990378,7.108815552,7.910597868,6.64418776,4.934964223,3.054924813,7.115854166
2011/10,7.575115591,6.690296863,6.543479474,3.206427362,5.846850874,4.820834649,2.348817416,7.19440913,6.670122915,5.955148076,5.777792378,2.536184078,4.026632382,5.445466895,5.869502619,3.5494099,3.546963081,5.489853421,6.398244503,2.640044503,4.6349923,5.347030755,4.890111775,4.630058939,6.056857455,7.134874329,6.985104222,7.355195233,6.818151729,4.844669162,2.892535104,7.427636381
2011/11,7.108563814,6.789705536,5.754121917,2.970088586,5.873809557,4.10852774,2.362830653,6.639289025,6.12571029,5.502132217,5.426579899,2.769709225,4.5445189,5.400869482,6.157749486,3.365143873,3.272770297,5.404697558,6.24704125,2.80032555,4.596007893,4.928081711,4.542526423,3.8130725,5.69717295,6.346185261,6.3926913,6.527789744,6.393558791,3.758995536,2.617612945,6.503239478
2011/12,6.385058951,7.002244095,4.367914595,2.715475847,5.660725489,4.423137502,2.228432377,6.102739857,6.040827375,5.369201471,5.138374114,2.096832808,4.124964534,5.273010253,5.962189977,2.697477067,2.629938216,5.228154077,5.528080466,2.903945469,4.165290649,5.29928268,4.092315267,3.224581158,4.495526902,6.160619412,6.089544749,6.797057357,5.869901599,3.232860455,2.36232028,6.025130415
2012/01,6.512756654,6.709884757,4.863746419,2.411817843,5.876942631,4.439304229,2.318581325,6.200058163,5.95283783,5.277239223,5.530190872,2.31784228,4.535394583,4.892698683,5.936197212,2.496781462,2.7554796,5.153006317,5.078643241,2.853054281,4.271739635,5.452985971,4.044739711,2.99115362,3.849187219,6.642155754,5.475085343,6.893407299,5.546948676,3.315426172,2.750930501,6.154822254
2012/02,6.535950833,6.348673461,5.4347807,2.253994242,5.999089476,4.522062282,2.206972671,6.78887498,6.304486616,6.16181079,6.426996594,2.32801893,4.1856334,4.752448734,6.118234902,2.899953786,3.22380382,4.95162321,5.342125419,2.61537229,3.865413313,5.516760361,3.617357933,2.979461694,4.093120159,6.65146429,5.231212316,7.349271258,5.243967762,3.292936801,2.757903928,6.080536116
2012/03,6.685779759,5.676462331,5.606099281,1.94074068,5.690687142,4.259641087,2.107597091,7.063753689,6.044740392,5.220657612,6.840968616,2.584740134,4.560231069,4.388060747,6.247415905,3.313648396,3.278938122,5.003128779,5.586759016,2.476111284,3.797379991,5.258195825,3.559665455,2.909042542,4.510706653,7.039580796,5.264026592,6.733755473,5.723808143,3.358530801,2.794831617,6.539077212
2012/04,6.690225235,5.725254691,5.054116005,1.945674577,5.971553039,4.114232563,2.029489447,7.142542136,6.143815422,5.571311942,6.929549253,2.218517173,4.966983177,4.925325387,5.935095412,3.672463582,3.305855558,4.935904037,6.24438355,2.27067568,3.799228409,4.690143386,3.605025124,2.597069883,4.453646368,6.288580342,5.590419289,6.05361681,6.055257388,3.072687557,2.415370097,6.218341626
2012/05,6.173607464,5.825016782,4.317204624,2.144103993,5.796883945,3.872780341,2.11700883,6.963757789,5.785785534,5.631550156,6.225672824,1.792175748,4.731404151,4.311491357,5.764116035,3.230846508,2.910665466,5.191713242,6.064943296,2.149940321,4.023599976,4.810313818,3.47210409,2.959629541,4.501769509,5.661287188,5.766162965,5.842215726,6.287388359,3.065859687,2.081661728,5.535888651
2012/06,6.071702783,6.22361957,4.867213433,2.281608269,5.514663788,3.975282371,2.17240098,6.592926105,6.327272899,6.592438675,5.940257651,1.521116522,4.624185441,4.589250785,5.837495811,2.991632284,3.1079492,4.976023709,6.332714091,2.370547284,4.052583718,4.152187711,3.982524441,3.072045697,4.084105,5.269407796,5.974392457,5.985892093,5.916455864,3.423791404,2.250792217,4.958127201
2012/07,6.276046649,6.710877383,4.704468248,2.090934424,5.577723134,4.249813675,2.168583162,6.297304955,6.665479463,7.224285875,5.758578413,1.828839799,3.997486655,4.009942277,5.825244401,3.056731388,3.172079032,5.040256178,5.847881585,2.657214606,4.063683967,4.51183468,4.102443278,3.443421993,4.366427362,6.233743991,5.626097401,6.860328042,5.866934322,3.569156272,2.429377224,4.573229005
2012/08,6.387908106,6.982904565,4.979535957,2.056188052,5.119427642,4.698446932,2.322611563,6.489100427,6.686351035,6.204978077,5.935580398,1.81783946,4.839921057,4.85351551,5.867347949,3.760123663,3.505360659,5.622393603,6.01631241,3.192010852,3.996138154,4.531784465,4.741874001,3.273179892,4.791421361,6.916695464,5.326084794,7.172798368,5.813121465,3.665213685,3.146038084,5.279712717
2012/09,6.310494682,6.940521424,4.819062346,2.278429779,5.29678117,4.768067817,2.396601233,6.528334294,6.38142581,5.415200776,6.064600831,1.64975706,4.585058893,4.827066368,5.927911145,4.308379649,3.687032501,5.779630193,5.798430193,3.205999666,3.786975245,5.004456677,4.763403941,3.590771405,5.054617069,7.309685214,5.667700963,7.349855287,5.716332506,4.014618654,3.603435778,5.069965774
2012/10,6.231232628,6.115605511,5.284510134,2.206444707,5.004774069,4.469458297,2.532617775,6.458482134,6.425394101,4.711137726,5.963200198,1.663743472,5.9542022,5.386016538,5.963976306,4.239562747,3.890215223,6.005994315,5.644919752,3.002636056,3.68739704,5.485250441,4.624961544,3.589544327,5.286453985,6.628106106,6.006067308,7.061025861,5.796261719,3.944677443,3.360644936,5.1175607
2012/11,6.189629515,5.935161636,5.498974117,2.010721073,5.846767778,4.654870161,2.312502528,6.904276811,6.081716578,4.718689311,6.206110348,2.165253088,5.060521425,5.316008355,5.782365967,4.01956185,4.035564564,5.860704989,5.629379686,2.500617317,4.030698202,5.324505176,4.660255573,3.596246886,4.672982862,6.665178081,6.306228918,6.576336049,5.924306832,3.578967423,3.010249355,4.9850537
2012/12,6.042383238,5.780499737,5.587403675,2.090492721,5.668275712,4.828134215,2.478545039,5.597706675,6.037938116,5.603799811,5.604683054,2.791004027,5.190221698,5.313503705,5.682750785,4.079504831,4.018510167,6.176993746,5.496699791,2.534025189,4.114039903,5.756967749,4.27905868,3.015508029,4.744262869,6.168893447,5.735284649,6.135726499,5.844535444,2.500942998,2.307166966,5.390991389
2013/01,6.345132945,5.740604713,5.481416039,2.405407929,5.889248961,5.999087504,2.246787692,5.408518015,5.961654981,5.846401976,6.105113856,2.85006669,4.973550731,4.897860024,6.410183912,4.095749017,4.019596026,5.910531899,6.132127405,2.841189185,4.193067173,5.486770682,4.01434506,2.902326091,4.354381178,5.724019947,6.548889775,6.062727325,6.201190785,2.558137619,2.986016326,5.493533458
2013/02,6.235125755,4.890927794,5.014524296,2.503324797,5.05627185,5.940157753,2.49616596,4.921248284,5.961437284,6.156036327,5.886725883,2.477649194,5.482101343,4.404342424,6.69236146,3.792172995,4.297470969,5.274562964,6.302318767,3.134694602,3.580986406,5.845642576,3.742109538,2.994054962,4.244765111,4.949540472,6.877520942,6.059895304,5.706015338,2.723165477,3.012995678,5.197013655
2013/03,6.206254646,4.375255457,4.657746276,2.448265569,5.520373605,5.62398414,2.432364082,5.357090672,6.295231723,5.985521297,6.275676327,2.057311846,5.299623223,4.353786546,6.283016352,3.622940684,4.090175002,4.745134373,6.470953833,3.006480006,3.903012232,5.189582491,3.96666493,3.322496952,4.121070455,4.733147216,7.170357183,7.321834122,5.63995808,2.781641076,3.31386978,5.395699985
2013/04,5.409361152,4.32868987,4.778610857,2.300956666,5.377595045,5.286149337,2.428505911,5.632817745,6.37795759,5.744766196,5.604177717,1.984720605,4.847143279,4.223392775,6.016342259,3.673321323,4.047143928,4.72264377,6.132413602,2.783275615,4.012127544,4.643750804,4.374171059,3.658234478,4.181762689,4.578748229,6.151442479,6.730521559,5.445293334,2.802424179,3.028075,5.317357772
2013/05,4.967298173,4.615744559,5.340426115,2.682964498,5.786191587,4.842135535,2.494924232,5.801246237,6.663712632,5.300295734,5.39868526,1.821032832,4.431786079,4.422309929,5.48095042,4.167978264,3.717500159,5.236110855,5.744553094,2.836263741,4.16820972,5.607966076,4.446037654,3.675751871,4.694032091,4.845453627,6.56829828,6.803494908,5.909768013,3.123660259,2.930118634,5.202849307
2013/06,4.758346129,5.267410058,5.76616284,2.612339541,5.935777754,4.873629319,3.044281883,5.792749703,6.838641944,5.22306091,5.7913974,2.221341665,4.513909206,4.511085101,5.782914054,3.9957397,3.731250513,5.316600537,5.599430865,2.685342639,3.918781818,5.927093876,4.766032823,3.762433924,5.069742493,5.53214621,7.103380648,6.259818324,5.821929951,3.742833477,3.174621609,4.929647092
2013/07,4.74159099,5.563255723,5.927094823,2.589610396,5.91946005,4.295528308,3.164823715,5.435547682,6.213769089,6.023981318,5.9460976,2.408170652,4.845223493,4.849919831,5.904185638,4.20184217,3.677778124,5.876585933,5.630703954,2.616654607,3.594074202,6.223347377,4.426681352,3.463549075,5.838593201,5.73828085,7.339155039,7.032472441,5.904169895,3.726847472,3.266240286,4.049465053
2013/08,5.040134454,6.154632063,5.663405534,2.25621265,5.791845932,4.714309878,3.164408172,4.809452899,6.079877705,6.635614929,5.943548539,2.943840476,4.645664266,5.421403,5.924438484,3.571715731,3.970183718,5.54870614,5.585132574,2.395244819,4.237782673,4.910045317,4.406497219,3.346405896,6.025275052,6.433896162,6.67620782,7.052150781,5.889583368,4.44015747,3.366330555,4.579808634
2013/09,5.949585466,6.438680589,5.816673375,2.55267063,5.791029129,5.248227699,2.749067983,5.159821217,5.668293544,7.11648096,5.669889758,2.90955699,5.073877975,5.622109291,6.042983851,4.606968481,4.313706014,6.057108877,5.840714639,2.842916186,4.422364361,4.736930432,4.225610895,3.477333917,6.173260001,6.232481262,6.585784313,7.691352276,6.285669096,4.203004354,3.432366589,4.534948532
2013/10,5.998580842,6.29608746,6.18553364,2.497732084,5.572791965,5.638124308,3.351599769,4.997797654,5.686083508,6.796173195,5.784731922,2.813481085,4.769918743,5.567640031,5.662345718,4.400560034,4.992401346,5.721757946,5.663951646,3.278729849,4.593078434,5.553037578,4.406419809,3.685522525,5.24602786,6.230389461,6.845235643,7.33820476,5.847662799,4.243994706,3.293338228,4.760459441
2013/11,6.434002332,5.892920635,5.775796852,2.480128727,4.979582907,5.386210259,3.539839688,4.781704372,5.433374439,6.413866433,5.44079542,2.779797538,5.491277271,4.951228914,5.303874189,4.914663705,4.637760104,5.498553696,5.550749625,3.444052658,3.841576339,5.665473544,4.767951093,3.511291125,5.275872146,5.485227599,6.837587598,7.133208973,5.319297945,3.917259016,3.209818307,4.208135668
2013/12,5.837043951,5.129076584,4.773242049,1.934268762,4.966661645,5.058039242,3.58064655,4.490044629,5.273044778,5.713955277,5.123708208,2.554920585,4.921232902,5.129854195,5.081298833,3.946694171,4.255421861,5.242429113,4.75122894,3.03881866,3.490963792,6.149521707,4.153551963,3.036674087,4.841750554,5.748597611,5.977711227,5.896033214,4.767035865,3.556123436,2.500257672,3.913780471
2014/01,6.174122358,5.483969063,4.19209901,2.51918989,5.036041692,4.636707161,2.914853216,4.679915646,5.72502646,5.246825468,4.996807346,2.366779329,4.842896381,5.151567472,5.607141543,3.616465013,3.352989476,5.014920828,4.760706815,3.043677176,3.466373315,4.991870827,4.314219749,2.695720815,4.830919421,6.064701672,5.846828111,5.55085174,4.444474365,3.391101973,2.523136446,4.46424826
2014/02,6.33214961,5.757343214,4.693874472,2.368069153,5.659801174,4.788515209,2.669338523,4.853275662,5.836433101,5.399214442,5.235541736,1.900476728,4.269523675,5.444751102,6.004917673,3.371794642,3.296543773,5.203975666,4.997101708,2.889345187,3.76708374,4.983078138,3.952821301,2.777072638,4.269561343,5.386263313,6.428059463,4.90314316,5.206785202,3.030616789,2.470667506,4.986818987
2014/03,6.326910672,5.948873417,5.30650595,2.662079006,6.345012777,4.317714482,2.738408219,4.867084565,6.270207072,5.651984277,5.167167782,2.05767786,4.545591549,5.230413112,6.033320514,3.24446171,3.505729447,4.995550257,5.617210908,3.381065638,4.0107173,4.852573757,4.949857181,2.798578001,4.784832844,5.13833628,6.759339314,4.834548552,5.318833422,3.463737244,2.518535705,5.520266184
2014/04,5.845828695,5.357438439,5.145879355,2.634733619,6.214091868,4.203086768,3.140119214,4.249874307,6.508557725,6.061045715,4.729890922,1.708446866,4.141330633,4.751861004,6.250802696,3.134156488,3.989333001,5.086208224,5.217545686,3.077705125,3.941961992,5.687184106,4.86573958,2.787493666,5.404788521,4.541907143,6.544864917,4.713758752,5.856064666,3.370939877,2.417894836,5.008910471
2014/05,5.666033645,5.426818537,5.173731754,3.189781576,5.917308556,4.171780602,3.259104409,3.563517325,7.18270327,6.143569678,4.555008146,1.848544406,4.246811938,4.857398008,6.198386173,3.349366,3.891227681,5.765698515,5.323983061,3.239811128,3.796191608,5.885200077,4.741987481,2.939422814,5.762860859,4.901819604,6.411499143,5.169187906,5.586367857,3.671219066,2.238961301,4.849442217
2014/06,5.730045348,5.548492445,5.060335854,3.253723687,5.339251143,4.418094604,3.29368072,3.194195589,6.933025492,6.1069219,4.620781837,1.520689347,4.080036019,4.987397639,6.544760296,3.198157415,4.038782149,6.075750075,5.42407075,2.549035185,4.080422427,6.018796679,4.488413103,3.192536432,5.647347814,4.835868154,6.654426065,5.138540277,5.827724231,3.671965738,2.277906484,4.542683725
2014/07,5.954981532,6.146819818,5.890195992,2.9322803,5.057324172,4.775725635,3.213057591,3.67367225,7.262159249,5.789831717,4.391698945,2.13112577,4.485749856,5.618450829,6.192304925,3.591032705,4.105739188,6.63719344,5.875038758,2.668371982,4.20344973,6.892219169,5.29648983,3.317908251,5.797092594,5.603889185,6.471831569,5.911175877,5.721663493,4.116141556,2.517751643,4.605510164
2014/08,5.829105671,6.061351516,5.901558887,2.712574331,5.16542325,4.859632452,3.581607151,4.162311012,7.147960962,6.052466167,4.726098179,2.045348014,4.63063804,5.781217577,6.407670267,3.157313246,4.39473258,6.783449367,5.857000599,2.621187545,4.297347276,6.336542533,5.609354305,3.130685826,6.05855006,6.21963892,6.415665328,5.83267282,5.959819779,3.888778438,3.179568166,4.320574694
2014/09,6.141086877,6.093386019,6.780083698,2.823228747,4.655331131,5.095077045,3.644414862,4.589520256,7.412516159,6.249568967,5.064261532,2.072455357,4.728904646,5.909015513,6.133912866,3.546692357,4.82197265,6.865005874,5.620854783,3.145662363,4.174258308,6.961703335,5.660280649,3.337680675,6.092136884,6.812811519,6.447437727,6.07302067,6.045023352,3.825703506,3.325877909,4.505984563
2014/10,6.279150906,5.667576102,6.785675129,2.865779246,5.003037667,5.461545192,3.433406981,4.776990198,6.928810039,6.163925102,5.378588704,1.793066873,4.127970119,5.741261385,5.797329541,4.024602565,4.16687967,6.305414464,5.188824088,3.13535751,4.021820661,5.743774717,5.059907963,3.238223989,5.667344521,6.082982311,6.161326652,5.531459322,5.507474333,3.530353538,3.283977879,4.558170472
2014/11,6.208571774,5.463999605,6.847068303,2.746970844,5.158781966,5.139488218,3.179057442,4.673121603,6.358847903,6.17702565,4.953845747,2.21674963,3.946601379,5.194399755,5.593569975,4.241072489,3.953287744,5.351696086,4.75225928,2.927403924,3.839712493,6.324695329,4.907242882,3.332820515,5.01961326,5.815920268,6.39849351,5.093170363,4.97035206,3.584988159,2.64314966,4.683503254
