Date,SP1,SP56337,SP56339,SP56373,SP56385,SP56386,SP74625,SP74626,SP74627,SP74628,SP74629,SP74630,SP74631,SP74640
1/1/1982,0.114297332,0.136351185,0.062959549,0.066756788,0.11133966,0.154808482,0.118718236,0.125620809,0.149577859,0.108928232,0.087893754,0.101043366,0.068978569,0.071547862
2/1/1982,0.118788688,0.13940634,0.063066758,0.067187074,0.112393518,0.159494129,0.123788873,0.130404442,0.156697475,0.11432637,0.092658358,0.103940314,0.071761346,0.078223001
3/1/1982,0.123127202,0.141687491,0.064632162,0.067681599,0.104971003,0.169926136,0.129085641,0.136180734,0.165949448,0.118966481,0.096366311,0.105674043,0.072999951,0.080686759
4/1/1982,0.129800232,0.150039335,0.067555173,0.068101773,0.109231925,0.181569722,0.13652605,0.144523911,0.175641861,0.125190774,0.102508627,0.110226259,0.074025225,0.082708051
5/1/1982,0.137096053,0.157850718,0.077887381,0.066566662,0.112643992,0.19294388,0.145005506,0.153931994,0.186823756,0.132412716,0.107208086,0.114283407,0.074592244,0.086785212
6/1/1982,0.143700303,0.164964463,0.082163324,0.066168944,0.1182943,0.201154473,0.152618249,0.160860896,0.195607244,0.140841322,0.11698941,0.118120526,0.075386819,0.089562793
7/1/1982,0.151105018,0.178321861,0.088060985,0.066329885,0.130389507,0.215316638,0.160284702,0.168820033,0.206805547,0.148071728,0.122272576,0.124733505,0.075721688,0.090183284
8/1/1982,0.168061726,0.19316387,0.09575278,0.101815814,0.138003919,0.235972607,0.175602418,0.187545348,0.226888242,0.158900585,0.132977048,0.145814363,0.102938368,0.103100738
9/1/1982,0.177032969,0.205575556,0.099824591,0.104112251,0.142183556,0.255094122,0.185262599,0.199060295,0.243809193,0.166106952,0.138993151,0.152841513,0.104974363,0.104666711
10/1/1982,0.186210533,0.214294851,0.102023794,0.105299789,0.149224844,0.265060085,0.196068966,0.212571221,0.257557634,0.173361324,0.144704643,0.157568572,0.105995018,0.10539093
11/1/1982,0.195624985,0.220987436,0.102170312,0.106641948,0.155273079,0.272165976,0.207586501,0.22677329,0.276745982,0.181346874,0.151632968,0.161282582,0.10694597,0.105671019
12/1/1982,0.216515209,0.235740554,0.102293363,0.182522016,0.165882204,0.290130459,0.223209452,0.24414691,0.299146971,0.194602009,0.167382167,0.195867755,0.160644252,0.121334541
1/1/1983,0.240074262,0.255236462,0.111386409,0.190858001,0.172061166,0.320492217,0.24944893,0.272548811,0.341517153,0.217861575,0.195565647,0.212000082,0.173800488,0.142341873
2/1/1983,0.252958004,0.263542378,0.116930943,0.19494404,0.175011237,0.333159094,0.26495746,0.292281644,0.375763738,0.227833067,0.205199198,0.217753388,0.177216908,0.144580158
3/1/1983,0.265201761,0.280329921,0.117504441,0.196540442,0.194837797,0.347051623,0.278414025,0.309075116,0.405643846,0.236906169,0.213700039,0.226610001,0.178703975,0.14585936
4/1/1983,0.281992263,0.300583389,0.118645871,0.220749973,0.217234113,0.36509917,0.294270768,0.328339829,0.429814988,0.248269295,0.225917376,0.245655778,0.19684118,0.153527106
5/1/1983,0.294222649,0.318599104,0.12171397,0.224841367,0.246862462,0.372954788,0.30698632,0.343716376,0.452228027,0.257473501,0.234574436,0.25643552,0.200929726,0.157542684
6/1/1983,0.305364105,0.335809107,0.127375021,0.225525729,0.276835616,0.379048756,0.318818117,0.356368038,0.471146937,0.268160516,0.244940983,0.265598261,0.20261695,0.160880857
7/1/1983,0.320461993,0.345003807,0.14422075,0.227582176,0.282646365,0.390921621,0.337532373,0.379450766,0.495388283,0.281127485,0.258069819,0.270900756,0.204314286,0.161948621
8/1/1983,0.332900609,0.34929564,0.165376626,0.229735002,0.275086697,0.405138994,0.353484775,0.397578894,0.516868785,0.294164713,0.271757265,0.273845376,0.20602444,0.16288908
9/1/1983,0.34314609,0.356676225,0.173375801,0.233534433,0.262228202,0.429468644,0.365386554,0.411259617,0.537881666,0.303692026,0.280566259,0.279565248,0.210247812,0.167751807
10/1/1983,0.35453207,0.36830094,0.174645393,0.243078898,0.259315368,0.453144047,0.377203895,0.426018732,0.557306365,0.311645329,0.288020817,0.289656653,0.219015592,0.175072924
11/1/1983,0.375353527,0.373897092,0.174645393,0.28068531,0.259096042,0.463542355,0.399111417,0.455890771,0.58758151,0.323171597,0.29990095,0.307312227,0.24825267,0.189809502
12/1/1983,0.391412349,0.396623069,0.174645393,0.282911078,0.288644424,0.480061816,0.416484031,0.474765748,0.607296262,0.338480707,0.318813038,0.319673628,0.250992645,0.193364709
1/1/1984,0.41627812,0.447727274,0.176756395,0.299682454,0.346303096,0.524630768,0.438768157,0.497951315,0.632927523,0.359432401,0.343029193,0.35105734,0.264164771,0.200290876
2/1/1984,0.438247723,0.470317288,0.183805032,0.302095426,0.342198366,0.569324668,0.464429987,0.525138425,0.663584946,0.382935452,0.370861648,0.362935317,0.266087934,0.20136187
3/1/1984,0.456979195,0.498569987,0.18382116,0.304565685,0.352348581,0.612313692,0.484215624,0.548335078,0.693593869,0.398192331,0.388009717,0.378621085,0.270116254,0.207931659
4/1/1984,0.476748016,0.522846196,0.18382116,0.34897965,0.368906085,0.642634123,0.500688452,0.570794266,0.717086443,0.406862257,0.396785618,0.406874949,0.30246091,0.219529101
5/1/1984,0.492556578,0.542168624,0.184273938,0.375622741,0.375569336,0.672270258,0.515287112,0.588274208,0.736390345,0.417652289,0.408512739,0.425677549,0.321000448,0.22419158
6/1/1984,0.510382524,0.55926045,0.192735289,0.376530535,0.393503503,0.688316375,0.536378181,0.614201162,0.76749406,0.432378153,0.424827512,0.434607456,0.322343941,0.226242153
7/1/1984,0.52711381,0.5789091,0.19444513,0.376670033,0.425331805,0.697294103,0.555597295,0.636664218,0.796009009,0.447287127,0.440788881,0.44451296,0.32318419,0.228241657
8/1/1984,0.542097074,0.604508786,0.215001121,0.376692891,0.455669727,0.718391304,0.571280502,0.653719984,0.825762982,0.461086617,0.454123338,0.457438685,0.324318254,0.231217296
9/1/1984,0.558245688,0.607804244,0.287444065,0.379597696,0.426886957,0.748714775,0.592085526,0.678126573,0.85806995,0.477110575,0.465961636,0.461018687,0.32820971,0.23669579
10/1/1984,0.577750878,0.617044087,0.287505045,0.381027251,0.401107041,0.78735071,0.616598757,0.71193034,0.893605204,0.489522451,0.479574525,0.466980433,0.331153174,0.242124897
11/1/1984,0.597578921,0.65125459,0.287505045,0.382632984,0.444302604,0.813303555,0.637207557,0.739651518,0.934301287,0.500852399,0.490942182,0.484472161,0.333095324,0.244597912
12/1/1984,0.62295859,0.692665964,0.287555193,0.383131323,0.493621741,0.847226292,0.664097794,0.774629667,0.967592655,0.517163628,0.509814316,0.505500509,0.335162512,0.249257345
1/1/1985,0.669169261,0.75883525,0.288838361,0.490734361,0.481645167,0.978101444,0.698935712,0.810477924,1.009576959,0.550429742,0.549727025,0.581268969,0.42089473,0.296941093
2/1/1985,0.696969403,0.77871741,0.29922055,0.503863008,0.445813284,1.044649423,0.730487505,0.845669099,1.043082405,0.577066561,0.578862541,0.59874524,0.436313943,0.315938197
3/1/1985,0.723976733,0.795588512,0.299224331,0.506799208,0.458601156,1.064639146,0.763875418,0.888347063,1.090485549,0.598283183,0.602267816,0.608468516,0.439416367,0.319267177
4/1/1985,0.746253908,0.841942748,0.299224331,0.50966925,0.529372708,1.089464518,0.785417903,0.911143888,1.12498038,0.618046868,0.625256271,0.6323969,0.442492833,0.322637939
5/1/1985,0.763932751,0.852881929,0.308048717,0.507244324,0.531470322,1.107657111,0.807849152,0.935518102,1.160180002,0.637809732,0.646823512,0.637232882,0.441633728,0.324414825
6/1/1985,0.783065408,0.866748456,0.313259795,0.508167865,0.553167735,1.114638663,0.830959841,0.960811244,1.194757145,0.657939714,0.66740282,0.645551917,0.444823586,0.331345972
7/1/1985,0.81033637,0.909344239,0.314874244,0.511083364,0.606520514,1.147316252,0.860046871,0.989635154,1.244411638,0.68713269,0.699244337,0.667644891,0.447855334,0.334521782
8/1/1985,0.845762835,0.955299418,0.341134381,0.514159955,0.614101386,1.224782599,0.899081362,1.034395869,1.311682075,0.718518283,0.734541313,0.693023154,0.454142166,0.346078658
9/1/1985,0.87954062,0.981693003,0.467293906,0.520828826,0.621700011,1.266533717,0.939234652,1.074313614,1.370432738,0.758654196,0.772734526,0.709438805,0.461349819,0.354068162
10/1/1985,0.912951611,1.009262359,0.471007974,0.526011405,0.64920835,1.293615395,0.978971383,1.12454038,1.437960729,0.784631298,0.800548675,0.725618998,0.466988808,0.360377258
11/1/1985,0.955072111,1.06686605,0.47109344,0.532141622,0.737234151,1.324398701,1.025288858,1.180785174,1.520536586,0.81785798,0.831753452,0.756041486,0.47215492,0.36384299
12/1/1985,1.020090675,1.136499324,0.471564617,0.750730719,0.837524884,1.366777542,1.071049615,1.235025094,1.591240541,0.85238828,0.870392785,0.871288407,0.631792886,0.422116006
1/1/1986,1.110276851,1.210819541,0.486549935,0.852183626,0.884973923,1.462338899,1.1628836,1.335866185,1.656200962,0.931948905,0.973720464,0.955902131,0.727131691,0.5056276
2/1/1986,1.15963777,1.212257267,0.503709756,0.872517901,0.772122103,1.560274585,1.223650608,1.411092453,1.760189338,0.973702244,1.012347837,0.97434955,0.761836778,0.56381485
3/1/1986,1.2135378,1.240065209,0.503908886,0.893178922,0.792891671,1.593483083,1.2883513,1.497295862,1.862645058,1.010331319,1.054034044,0.99887619,0.783566223,0.586970692
4/1/1986,1.276894313,1.313779572,0.504151159,0.913850228,0.882013283,1.652743136,1.359009511,1.589017869,1.959869878,1.053433054,1.105855451,1.042010982,0.79839447,0.59176854
5/1/1986,1.34785231,1.399924504,0.522480667,0.928565257,1.022815911,1.691040696,1.438276468,1.698132469,2.067336346,1.093817987,1.151290666,1.089981296,0.810956784,0.600517003
6/1/1986,1.434370512,1.47816082,0.54009636,0.942622273,1.115444697,1.755591319,1.539426994,1.823466226,2.197138132,1.163171833,1.232793048,1.136514731,0.82816576,0.62271625
7/1/1986,1.50593984,1.553437332,0.545216132,0.963168233,1.131956713,1.879026561,1.616643479,1.912705441,2.328358324,1.224366447,1.308872531,1.192143787,0.86594476,0.688718374
8/1/1986,1.626004669,1.621230473,0.560744614,1.205557398,1.160927477,1.978282183,1.709046807,2.033696688,2.48898577,1.279397733,1.375862713,1.384005694,1.177081949,1.109770426
9/1/1986,1.723549709,1.693001442,0.841451475,1.306056822,1.221104637,2.058441269,1.816458303,2.170230564,2.656026908,1.348632912,1.432240706,1.454072061,1.24638721,1.125691141
10/1/1986,1.822069042,1.745193124,0.841451475,1.35083688,1.204650907,2.167588356,1.936135788,2.331635634,2.852545112,1.413882124,1.506440043,1.495140415,1.277465404,1.133309854
11/1/1986,1.945171412,1.842322299,0.843954216,1.499237304,1.289096263,2.273530276,2.067148349,2.501815701,3.07966915,1.493657209,1.603068729,1.595793016,1.382654568,1.164395638
12/1/1986,2.098822995,2.017339515,0.849688354,1.618808833,1.445756749,2.460628072,2.226509186,2.701451614,3.343441877,1.600135755,1.727886638,1.732064435,1.484045481,1.233655392
1/1/1987,2.268762649,2.191212582,0.938024421,1.666589965,1.566331422,2.676114948,2.411262784,2.893578512,3.598965089,1.773971058,1.958716304,1.860446956,1.571094011,1.384997353
2/1/1987,2.432470572,2.375854186,0.982051705,1.675860061,1.699323638,2.900767039,2.593198159,3.141558702,3.898237646,1.869818975,2.075645965,1.97361074,1.618241976,1.49477784
3/1/1987,2.593225021,2.557583251,0.982483436,1.685695398,1.848213314,3.106677101,2.775629893,3.390261057,4.216346794,1.965869917,2.187543099,2.074705851,1.644544125,1.548211662
4/1/1987,2.820119431,2.83858106,0.985551248,2.115576912,2.105496562,3.402207771,2.977373625,3.635949542,4.533289486,2.109691446,2.374410963,2.365303899,1.947700282,1.634134287
5/1/1987,3.032724052,3.07147156,1.014446392,2.148565687,2.287258877,3.673724892,3.192706562,3.927916105,4.916139312,2.225101103,2.510190238,2.567831626,2.124049969,2.047571772
6/1/1987,3.252120148,3.29978261,1.05676306,2.1574181,2.347683256,4.039363411,3.430769252,4.246014707,5.30725585,2.358699537,2.676812627,2.734778933,2.235165222,2.328052405
7/1/1987,3.515516574,3.558111395,1.076140424,2.253616318,2.455197772,4.420013648,3.725752408,4.605896755,5.784089837,2.568165011,2.97046791,2.910857365,2.335832088,2.434521906
8/1/1987,3.802838856,3.854422686,1.149652028,2.718174102,2.591246937,4.845882937,3.998952749,4.938441782,6.26762085,2.763138954,3.21851496,3.231809872,2.683888207,2.581713066
9/1/1987,4.053368746,4.090614172,1.783891441,2.726669468,2.699509695,5.18550029,4.29758563,5.326829859,6.775780731,2.944370078,3.388149753,3.351363566,2.694931073,2.59683701
10/1/1987,4.391158069,4.516988419,1.800249186,2.750650226,3.035419259,5.679939548,4.674097933,5.787901412,7.395526855,3.209520396,3.74928509,3.581908265,2.743650997,2.686165072
11/1/1987,4.739467965,4.719905261,1.829414696,2.769562285,3.068013042,6.022738242,5.108439971,6.349034141,8.209003794,3.477918177,4.080513017,3.697316454,2.777958251,2.745676255
12/1/1987,5.439478729,5.385725212,1.835049103,3.999794812,3.49861312,6.87419663,5.744868984,7.080402388,9.342991442,3.987616042,4.811156381,4.556701032,3.83018971,3.482327751
1/1/1988,6.28055153,6.257335539,2.338625484,5.138176506,3.946674583,8.086478403,6.503486423,8.005519564,10.23988073,4.526821168,5.527554915,5.605335135,5.058362243,4.840350028
2/1/1988,6.80439664,6.426876796,2.557219207,5.138178311,3.89337472,8.440909721,7.179284853,8.938744763,11.48413735,4.867336519,5.919291191,5.719041114,5.120805119,5.006296516
3/1/1988,7.152836449,6.687278705,2.602209681,5.134548289,4.130894713,8.715544083,7.60801585,9.45002028,12.2586663,5.186872376,6.245622481,5.849803446,5.130935191,5.039296165
4/1/1988,7.372994794,7.147704662,2.615442567,5.112099957,4.739382015,9.041915963,7.828144162,9.654634594,12.57467373,5.425132783,6.464003398,6.067116481,5.121689853,5.05231085
5/1/1988,7.515648197,7.407933257,2.698111198,5.082535814,5.147094515,9.172493709,7.979246468,9.753255861,12.73417077,5.642291782,6.612648012,6.18545509,5.107697808,5.064624608
6/1/1988,7.668971189,7.959396382,2.725830396,5.082535814,5.809891894,9.619140995,8.088951595,9.799968295,12.81006356,5.831854142,6.752029401,6.452462545,5.109773118,5.070139996
7/1/1988,7.796977554,8.49054075,2.792940083,5.082535814,5.789900923,10.6053721,8.167939028,9.80117928,12.75620605,6.009889428,6.853213001,6.708804467,5.110154205,5.07115278
8/1/1988,7.86870735,8.581540843,2.842192678,5.084008224,5.79082199,10.77067086,8.249512528,9.818000818,12.81153768,6.173798448,6.94636944,6.753449291,5.111639017,5.072633589
9/1/1988,7.913693455,8.813246488,4.077414214,5.084008224,6.168448776,10.87460339,8.268313007,9.68592707,12.63721863,6.38580512,6.988983598,6.867316907,5.115795703,5.083680486
10/1/1988,7.974056367,8.954625954,4.105500642,5.111851337,6.107448252,11.18414276,8.320919509,9.654077927,12.54225851,6.546229071,7.070739616,6.94746186,5.139182577,5.099216149
11/1/1988,8.080769414,9.355014786,4.108614444,5.135337813,6.28830342,11.76211326,8.391317253,9.672972463,12.53076246,6.682072002,7.139080678,7.14911824,5.155928894,5.104398057
12/1/1988,8.249371787,9.771667646,4.110497314,5.135694192,6.887470119,12.01647046,8.546229127,9.794321212,12.54764623,6.878765677,7.284423977,7.351803847,5.15935507,5.112906847
1/1/1989,8.451312551,9.757886794,4.319675973,5.13569359,6.928952379,11.9562853,8.818393125,9.941973748,12.52419495,7.308335781,7.746776364,7.364729112,5.197612127,5.214580621
2/1/1989,8.566001517,9.626305962,4.475050908,5.134092641,6.533084367,12.05048829,8.996013178,10.00775924,12.5826485,7.627867311,8.053565204,7.310894482,5.216418698,5.267241834
3/1/1989,8.658862254,9.631318207,4.51166044,5.13552341,6.411649381,12.16219666,9.119390665,10.06492359,12.65254652,7.835120535,8.239549869,7.321540851,5.232504853,5.307597201
4/1/1989,8.788353003,9.98128854,4.530081424,5.107690503,7.005425571,12.29940984,9.230195198,10.15885008,12.75468243,7.966674478,8.328030834,7.498888579,5.249262735,5.398734003
5/1/1989,8.909317634,10.37000873,4.573478267,5.083940493,7.80359648,12.3347155,9.326321535,10.21235727,12.8227669,8.116655913,8.41257739,7.684149046,5.244958832,5.427060555
6/1/1989,9.017518878,10.70238903,4.621536835,5.083940493,8.25435621,12.56061468,9.413296856,10.24905904,12.85914798,8.267368725,8.514586282,7.847231854,5.250414168,5.44155877
7/1/1989,9.107720335,10.90124007,4.632296784,5.083940493,8.513891152,12.70432443,9.499311735,10.2588372,12.83498002,8.450402315,8.655753605,7.947322199,5.258611401,5.463343911
8/1/1989,9.194488804,10.92914609,4.680071011,5.084741244,8.447858063,12.81102325,9.610393863,10.31430473,12.8843134,8.631875196,8.789916224,7.968394938,5.273496819,5.501563014
9/1/1989,9.282422617,10.7402539,5.380914213,5.137247915,7.949888389,12.88686457,9.757027842,10.37824227,12.94953898,8.883324507,8.940721761,7.899434777,5.316763696,5.528637946
10/1/1989,9.419703978,10.68180375,5.402785994,5.340919439,7.716984887,12.97689653,9.930731242,10.52715342,13.09646604,9.087419823,9.107247371,7.938272326,5.447782849,5.535829526
11/1/1989,9.55192469,10.77810657,5.412442477,5.413943583,7.677633044,13.18588635,10.08500739,10.65793001,13.28379011,9.270585674,9.23106598,8.010241676,5.497681908,5.546177831
12/1/1989,9.874287533,11.18881272,5.434877789,5.708702383,7.940970792,13.7130234,10.37903553,10.92424067,13.45207954,9.597797947,9.566789503,8.403513846,5.879266571,6.066769985
1/1/1990,10.35083877,11.79339692,5.55702953,5.739309267,8.885102675,14.01900946,10.7791437,11.2390757,13.56066431,10.10400839,10.18099369,9.076540834,6.624938882,7.997239334
2/1/1990,10.58522578,12.38258637,5.652401621,5.738122538,9.860335715,14.27063262,10.97722871,11.36480395,13.68518549,10.39324865,10.46897105,9.404087876,6.709790567,8.224729911
3/1/1990,10.77183558,12.83603148,5.674764425,5.738122538,10.49859166,14.55912249,11.14465579,11.4708839,13.77574734,10.63796513,10.68198096,9.639101982,6.741727536,8.309606276
4/1/1990,10.93577849,12.86505064,5.713358471,5.681592991,10.10036194,14.94841774,11.36346007,11.65238548,13.96013539,10.90283576,10.90195973,9.655309939,6.746054075,8.415752128
5/1/1990,11.12661601,12.79917203,5.741937431,5.690904142,9.785569676,15.09405384,11.6257445,11.90512782,14.20950391,11.17526372,11.15065631,9.654042867,6.805680774,8.558627624
6/1/1990,11.37167642,12.61338135,5.813000277,6.150994061,9.257912125,15.2006291,11.91768358,12.22292479,14.48964489,11.43174304,11.35928488,9.771431124,7.210291824,8.863600924
7/1/1990,11.57905991,12.76762955,5.881133559,6.150994061,9.327362779,15.42347832,12.15648643,12.44626895,14.69825447,11.68845863,11.55113771,9.892685091,7.301905983,9.107076653
8/1/1990,11.77635267,13.01593522,5.98533017,6.16085752,9.296794114,15.90245779,12.3759717,12.64900094,14.90399093,11.92766933,11.71995164,10.02845967,7.33323691,9.173827976
9/1/1990,11.94422145,13.12361947,7.265821207,6.208103496,9.191325096,16.18805982,12.57814497,12.76826563,15.07371611,12.23448824,11.87345102,10.1030875,7.377603449,9.212633385
10/1/1990,12.11593396,13.16762178,7.298260678,6.31459419,9.203226801,16.25831287,12.78019033,12.96295826,15.26008055,12.44435023,12.00785799,10.19204362,7.510011216,9.386225462
11/1/1990,12.4376167,13.49458742,7.328653169,7.036786791,9.743932061,16.39836448,13.05600375,13.20563915,15.49233906,12.76043236,12.29980865,10.63113441,8.060102541,9.638991103
12/1/1990,12.82961936,13.99510758,7.441305395,7.420455053,10.37548425,16.77842892,13.42755459,13.52430623,15.77129134,13.19680331,12.74294847,11.07213173,8.450311456,10.03364194
1/1/1991,13.15663021,14.32998282,7.654668542,7.420564586,10.53131506,17.25797097,13.78543999,13.78954865,15.99121814,13.67057163,13.24819158,11.31286907,8.605211424,10.44512398
2/1/1991,13.38630808,14.36526415,7.7716037,7.558447972,10.12897405,17.66216708,14.05250634,13.99714393,16.2147725,14.0117309,13.58817731,11.44030838,8.821066148,10.7879256
3/1/1991,13.57721055,14.37091159,7.81880299,7.742646061,10.09449337,17.70159527,14.26168388,14.17753464,16.41761241,14.25613765,13.80773881,11.58020448,9.089206759,11.19213849
4/1/1991,13.71943793,14.58152907,7.846771305,7.675503013,10.76745697,17.5176075,14.41776235,14.35476536,16.63171111,14.38386714,13.87484438,11.68380058,9.093164756,11.3150751
5/1/1991,13.85355376,14.86136462,7.902798278,7.622618483,11.48148656,17.42526055,14.55473969,14.50211653,16.81174334,14.50646063,13.94577592,11.80854731,9.073215683,11.35060271
6/1/1991,13.99891993,15.18190611,7.986183318,7.636109196,12.1657393,17.43235137,14.69236321,14.65112659,16.95586797,14.62839734,14.0287317,11.97251934,9.091569652,11.37679308
7/1/1991,14.12262981,15.38184829,8.041111303,7.64225127,12.36267864,17.63091914,14.8231117,14.74759241,17.08831978,14.80204188,14.19926442,12.07588992,9.105150368,11.40260179
8/1/1991,14.22091799,15.36616211,8.134173162,7.647488739,12.10042576,17.8237838,14.95856872,14.86476848,17.26294501,14.95985024,14.35141688,12.07422951,9.11669196,11.42450586
9/1/1991,14.36258563,15.2716444,9.595880289,7.65389052,11.61122167,18.06445689,15.16675479,15.03094648,17.48726461,15.22021731,14.5067851,12.03754053,9.134075024,11.45998494
10/1/1991,14.52963103,15.31384237,9.704907338,7.731080241,11.57153487,18.17498737,15.37624522,15.24634806,17.73946748,15.42046663,14.70111539,12.08976776,9.196387282,11.49634839
11/1/1991,14.89040629,15.3981672,9.712179146,9.541966362,11.63228919,18.27756999,15.52207767,15.3578696,17.67125928,15.60911139,14.86249667,13.01599365,10.92745142,13.06489037
12/1/1991,15.24089786,15.65494097,9.722595368,10.44674279,11.85034484,18.56202205,15.79770097,15.6051764,17.80542142,15.91883286,15.13616221,13.5604436,11.74966509,13.7351536
1/1/1992,15.51790207,16.06422802,9.926740772,10.45815792,12.51383582,18.74860984,16.08930618,15.74129616,17.95302707,16.40738488,15.68174497,13.79504689,11.82242667,13.90941394
2/1/1992,15.70175899,16.37716041,10.01008329,10.47125147,13.18349149,18.75414227,16.26627145,15.83563435,18.13232418,16.68883544,15.96240743,13.99476243,11.91782397,14.14102126
3/1/1992,15.86155633,16.64998662,10.01490829,10.5214627,13.67987304,18.83282323,16.41351302,15.93429536,18.27462677,16.89716567,16.17717331,14.1857322,12.03393329,14.36552706
4/1/1992,16.00295269,16.81475407,10.04299842,10.47824174,13.97725212,18.88236763,16.5661508,16.05087869,18.44006206,17.09479613,16.40026936,14.29540807,12.09299848,14.59486493
5/1/1992,16.10846601,16.46632048,10.05438464,10.47561903,13.1027323,18.98506805,16.76751975,16.25213284,18.67975331,17.29471121,16.62091891,14.14518118,12.12780688,14.69176367
6/1/1992,16.21749445,16.28966568,10.11096079,10.55107081,12.45844794,19.20681651,16.93425312,16.40149646,18.83893983,17.48237947,16.8069321,14.09964419,12.20532447,14.77144698
7/1/1992,16.31989382,16.22693574,10.24431196,10.61080529,12.12540018,19.37361712,17.07271678,16.4991095,18.93827069,17.67209512,16.99601485,14.10498982,12.27490923,14.85636334
8/1/1992,16.42015353,16.09592638,10.40874518,10.66031489,11.62497826,19.55716663,17.22154201,16.62819922,19.10768256,17.84502952,17.1614003,14.07505591,12.33989745,14.94618337
9/1/1992,16.56298842,16.091669,12.97418177,10.69523826,11.48949902,19.66381922,17.41391973,16.72104729,19.21187766,18.16343179,17.3210207,14.08454425,12.36245837,14.94766948
10/1/1992,16.6822528,16.2401472,13.06706811,10.84835296,11.68299581,19.77137184,17.52987057,16.82120921,19.36698547,18.29869533,17.46111276,14.21101525,12.46970998,14.97634332
11/1/1992,16.82085807,16.46342904,13.06876818,11.02298752,12.16820395,19.76907029,17.65512425,16.9244927,19.56091992,18.45110947,17.63833604,14.38321154,12.5958268,15.019123
12/1/1992,17.06037067,17.19049727,13.07010281,11.14918886,13.54798629,19.93065231,17.8294454,17.05901342,19.73541145,18.67505164,17.93532597,14.79252529,12.71053558,15.11267632
1/1/1993,17.27436988,17.41959504,13.19597656,11.26174693,13.61062592,20.29585567,18.05355205,17.18036497,19.84932304,19.0290642,18.40495967,14.97686425,12.85490585,15.30790157
2/1/1993,17.41550261,17.20485036,13.24311812,11.36885341,12.95574576,20.45703839,18.25532117,17.36655329,20.04735667,19.24919699,18.65047271,14.95522931,13.01505362,15.55418506
3/1/1993,17.51699835,16.79024236,13.2726813,11.49344439,11.95518369,20.54542156,18.44042674,17.54432282,20.2432072,19.44223251,18.87561988,14.83355352,13.16805516,15.75220221
4/1/1993,17.61801267,16.75498885,13.3977276,11.52522247,12.03153056,20.41660268,18.56321573,17.65620869,20.3412493,19.57801834,19.006363,14.87547129,13.28322805,16.005082
5/1/1993,17.71872134,16.99069799,13.5361153,11.57499939,12.67656182,20.30199854,18.64566745,17.72696451,20.40758442,19.67480362,19.0812883,15.02329411,13.3499852,16.09915561
6/1/1993,17.81810227,17.18051901,13.60164528,11.70422406,13.15833613,20.24153055,18.72556105,17.78899003,20.51322967,19.77696118,19.17824642,15.17306904,13.46381686,16.18531589
7/1/1993,17.90372831,17.30123665,13.63840185,11.83199876,13.25805895,20.37761885,18.80318102,17.82320608,20.53732119,19.90958912,19.32258927,15.27881136,13.55671847,16.21827972
8/1/1993,17.99955398,17.26145319,13.70864599,11.96413188,13.16289135,20.38538955,18.92439434,17.94455346,20.71404671,20.02966692,19.45578546,15.30598318,13.64733681,16.23787813
9/1/1993,18.13286363,17.34854519,15.80236354,12.09131446,13.32764809,20.40518447,19.07477278,18.01454296,20.83979566,20.28187369,19.59651198,15.39223626,13.73384026,16.25482947
10/1/1993,18.20702345,17.15069452,15.81804237,12.2711192,12.87669902,20.424964,19.18788498,18.09913655,20.98063414,20.43063513,19.78172375,15.36205594,13.86135786,16.29267546
11/1/1993,18.28732903,17.19578264,15.82426167,12.45249771,13.06513377,20.3481033,19.25779757,18.15667323,21.1283627,20.51585245,19.86478803,15.46887874,14.02766727,16.43098041
12/1/1993,18.42676723,17.72161668,15.82426167,12.5619699,13.90466853,20.59870913,19.32986993,18.17460329,21.16014726,20.65673885,20.01351215,15.78520965,14.15031894,16.57365256
1/1/1994,18.56962314,17.94429219,15.91425494,12.6728638,14.16589858,20.78446728,19.45692717,18.26366141,21.16568748,20.8314844,20.18636066,15.96808792,14.29788813,16.78016566
2/1/1994,18.66512978,17.59666473,15.97427063,12.78442775,13.30018198,20.88120391,19.62052612,18.41366139,21.3457687,21.01121066,20.36621142,15.8816441,14.4566177,17.01521694
3/1/1994,18.76110447,17.34804745,15.98212799,12.92429725,12.81366713,20.83837149,19.76476212,18.57081285,21.45006962,21.13774784,20.50036729,15.84828978,14.62578838,17.2306247
4/1/1994,18.85298708,17.31023828,16.0187233,12.94124497,12.82899509,20.75642352,19.8889054,18.68570352,21.53714125,21.27276197,20.65290604,15.85335349,14.67132932,17.32327967
5/1/1994,18.94407687,17.35864591,16.09175833,12.95435526,12.94339294,20.74815071,20.00291697,18.80607976,21.67154533,21.37771029,20.74875568,15.88240984,14.68249405,17.3310007
6/1/1994,19.03886902,17.43831303,16.16542558,13.032976,13.24360853,20.63998996,20.10767244,18.92358072,21.84803161,21.46529869,20.81582656,15.94950491,14.73854744,17.34833448
7/1/1994,19.12330489,17.6613318,16.17272756,13.06635518,13.61599804,20.73249207,20.17813345,18.96815848,21.88239835,21.56837065,20.92425599,16.06989011,14.76363359,17.35911713
8/1/1994,19.21243652,17.72756165,16.29492067,13.13650926,13.78237008,20.71284901,20.27941133,19.0883788,22.03616923,21.64456725,20.97982254,16.12560499,14.8101086,17.36517096
9/1/1994,19.34907599,17.80538381,18.14312423,13.20456766,13.93623717,20.72492345,20.44396614,19.2111693,22.07807513,21.86133759,21.08707134,16.18638152,14.85554996,17.37198656
10/1/1994,19.45065197,17.84453987,18.14190359,13.41916086,14.0325924,20.7150047,20.54798148,19.33472831,22.18768613,21.93947938,21.16388248,16.28013089,15.00189596,17.40162491
11/1/1994,19.55463314,17.99001733,18.15011529,13.49182639,14.33220155,20.7274611,20.65432967,19.43955696,22.30143005,22.04692944,21.29444384,16.37645381,15.05304384,17.41589253
12/1/1994,19.72613932,18.2578745,18.15011529,13.67427675,14.75975125,20.85520711,20.81470857,19.57802681,22.44480815,22.23411118,21.51988912,16.57521482,15.18906751,17.47191487
1/1/1995,20.46862019,19.10041573,18.22126547,14.24759387,15.13876519,22.07275311,21.58421413,20.439676,23.47892957,22.87941031,22.23701918,17.23608775,15.68666019,17.83442156
2/1/1995,21.33613293,19.96144404,18.28956468,14.26549088,15.73222394,23.14292364,22.57074845,21.58416899,24.81724273,23.6556662,22.98495526,17.77627729,15.93091712,18.45359895
3/1/1995,22.59392133,20.76223077,18.31167554,15.9374836,16.13024542,24.24780768,23.63837778,22.7860649,26.20324346,24.57253656,24.11812269,19.40802466,18.23777404,21.68125493
4/1/1995,24.3942825,21.80602803,18.37466811,18.72819508,16.91904269,25.48359317,25.4301253,24.83901955,28.73908445,26.07120634,25.78459478,21.17145082,20.58474718,23.42758536
5/1/1995,25.4138631,22.78226598,18.45462086,18.5309413,18.16538471,26.254366,26.68629359,26.48470822,30.65324712,26.89139119,26.45608848,21.59871053,20.56121524,23.64891463
6/1/1995,26.22043406,23.77560142,18.64311235,18.68313909,19.88467575,26.69712385,27.59663906,27.65005944,31.95645609,27.51624703,26.92412414,22.13436044,20.72046874,23.81985108
7/1/1995,26.75496405,24.43533523,18.77415376,19.00069421,21.24831329,26.82331143,28.17307896,28.32714535,32.6204663,27.97984641,27.32903875,22.55233052,20.93918601,23.90148359
8/1/1995,27.19875002,24.79869832,19.12006513,19.18901604,21.63140337,27.17137309,28.69757574,28.9686586,33.38567823,28.37325815,27.64971038,22.79061256,21.0743109,23.96301492
9/1/1995,27.76136288,25.20688742,21.61309654,19.37013944,22.0582599,27.56501756,29.36894055,29.66282803,34.17009545,29.01864911,27.9733666,23.07847586,21.2627527,24.16382694
10/1/1995,28.33257255,26.19539547,21.61825836,20.00478673,23.8873548,27.91617314,29.88226016,30.3261404,34.94943955,29.36406217,28.33912678,23.76853836,21.7062948,24.34253655
11/1/1995,29.03120591,27.58028785,21.61825836,20.74600841,24.99502766,29.50952981,30.49129795,31.04001177,35.61111533,29.85555803,28.99387815,24.65726776,22.18600663,24.45846934
12/1/1995,29.97704506,28.93100398,21.64582324,21.64226367,26.0997211,31.04512771,31.34728918,32.00216214,36.61463546,30.59234134,29.72851957,25.78666755,23.13063563,25.48159932
1/1/1996,31.05470183,29.97567304,22.11979014,22.4960898,25.9181171,33.01707099,32.36398693,33.08726503,37.71433895,31.53187643,30.7692197,26.97444971,24.43181157,27.42808764
2/1/1996,31.77950767,30.64044725,22.2210714,22.9841194,25.12298756,34.78636993,33.13107767,33.97752837,38.67429201,32.16082438,31.42347732,27.57585494,24.97942947,28.0657233
3/1/1996,32.47909623,31.1896024,22.25973294,23.40027058,25.23192152,35.66823227,33.90425026,34.93796984,39.75671576,32.724263,32.04525783,28.07979641,25.44475622,28.60548307
4/1/1996,33.40239265,32.42133595,22.32773088,24.14909576,27.00929598,36.48565155,34.83805312,36.02287949,40.65907434,33.48859926,32.89971684,28.94900494,26.01441544,28.92852378
5/1/1996,34.01123721,33.61688146,22.38552624,23.99425141,28.09126452,37.76596981,35.47139746,36.74999252,41.54134924,34.01674133,33.45300404,29.48061473,26.00078941,29.11400491
6/1/1996,34.56506223,34.18681171,22.45293947,24.32947878,28.43764593,38.50455785,36.0812203,37.42531097,42.34117485,34.55295666,34.15442548,29.8840627,26.26666185,29.28490364
7/1/1996,35.05641717,34.58529129,22.54282051,24.69716534,28.46476246,39.18376901,36.62334893,37.97908047,43.01224449,35.08167685,34.72041329,30.23959133,26.58589922,29.53924361
8/1/1996,35.52236378,35.01993696,22.84871813,25.11266667,28.25776268,40.10372268,37.11654258,38.55495599,43.80152057,35.48215594,35.06815945,30.62681406,26.93306899,29.79376551
9/1/1996,36.09032576,35.403484,26.06752506,25.53625206,28.2279161,40.79983496,37.76518052,39.13631235,44.54348666,36.20545079,35.36074163,30.98567334,27.2705781,30.01348469
10/1/1996,36.54079814,35.7750744,26.06888106,26.45500969,28.34623499,41.36278478,38.19362599,39.63324544,45.16245466,36.55708333,35.79319582,31.47433403,27.85353068,30.1289498
11/1/1996,37.09443212,36.60165629,26.06888106,27.51100052,28.72117368,42.53044019,38.65372099,40.18175832,45.85106646,36.91808231,36.23126078,32.2321932,28.55272301,30.33229439
12/1/1996,38.28212794,37.67140952,26.08849824,28.85466067,29.15369308,44.08151947,39.48098157,40.91291605,46.68022929,37.85205497,37.31419913,34.23578772,31.31447297,35.12488657
1/1/1997,39.26655717,38.96823294,26.37003383,29.327278,30.46617885,45.36517466,40.46685089,42.06907632,47.65515964,38.64699255,38.12980084,35.18494317,31.97598851,36.06010792
2/1/1997,39.92640941,39.38617885,26.71913683,29.70950978,30.78460816,45.85803541,41.16951138,42.76993695,48.48897786,39.35113542,38.90425615,35.72276615,32.6102452,37.05684468
3/1/1997,40.4233045,39.52053868,26.75110917,30.11107815,30.93588515,45.97945251,41.69680638,43.31441683,49.22991387,39.85884124,39.53043272,36.13235248,33.24385319,38.02472703
4/1/1997,40.860022,39.61018679,26.85837519,30.09783211,30.85012576,46.20179945,42.2258846,43.8660165,49.8603554,40.36236874,40.20307051,36.33626663,33.54066712,38.76224633
5/1/1997,41.23293212,39.61819366,26.94390677,29.83393874,30.30792552,46.62632376,42.76961922,44.43696259,50.60845077,40.87530353,40.84851044,36.29263795,33.45490408,38.92688969
6/1/1997,41.59877377,39.60857416,26.99686748,30.24591623,30.23765198,46.66263116,43.22324542,44.92041477,51.26345009,41.29527754,41.33289077,36.43912368,33.72872465,39.00874517
7/1/1997,41.96117668,40.10000456,27.10057156,30.65793976,31.86969425,46.29008256,43.57791343,45.16917265,51.66167791,41.76796597,41.94656324,36.80816586,33.99639924,39.07565125
8/1/1997,42.33427784,40.83755442,27.49691895,30.8823548,33.91529356,46.03664857,43.92747682,45.44848944,52.14481255,42.19572243,42.42221122,37.22526375,34.14982688,39.13058204
9/1/1997,42.86154831,41.18127992,31.05940975,31.23437508,33.85746769,46.68401458,44.55645543,45.93134566,52.60520222,42.9874269,42.78880747,37.49540033,34.3588606,39.14013343
10/1/1997,43.20408307,40.845646,31.06691723,32.20515795,32.56931304,47.06981075,44.96656218,46.39098183,53.13684513,43.34190817,43.20572512,37.66694833,34.94508219,39.19010935
11/1/1997,43.68741432,41.15991921,31.06834341,33.47702631,32.8369301,47.41908646,45.41255644,46.86160784,53.71703481,43.76005718,43.59115642,38.22372573,35.69862512,39.22048432
12/1/1997,44.29950655,42.1178173,31.06834341,34.1181931,34.06787175,48.16931268,45.98089565,47.28972677,54.3729699,44.48457598,44.47336516,38.91957171,36.17772679,39.47611396
1/1/1998,45.26330346,43.26274624,31.50429224,34.6866571,35.89545011,48.796295,46.85849811,48.10330268,54.9705905,45.43302795,45.53263495,40.05742582,37.3061778,41.40693149
2/1/1998,46.05573748,43.66428555,31.78053838,35.02012242,36.01582261,49.41028117,47.76471913,49.14364892,55.87117546,46.18876913,46.37717532,40.55544443,37.88160123,42.32999282
3/1/1998,46.5952345,44.27680603,31.80967963,35.37997025,36.0657411,50.44809118,48.29586664,49.71546246,56.58838081,46.67409938,46.88413132,41.09741532,38.36409483,42.99076998
4/1/1998,47.03118783,44.48923799,31.83823123,35.36519474,36.14053296,50.76450659,48.84787206,50.29531972,57.26709372,47.19458356,47.48521722,41.24507637,38.45826081,43.23967073
5/1/1998,47.40581731,45.20835671,31.98171929,34.31592616,37.60725504,50.91693691,49.37325384,50.86791623,58.0047999,47.66683844,47.99109907,41.25045792,37.87930531,43.31803301
6/1/1998,47.9661377,45.99720602,32.02906072,34.55077013,39.15626227,51.12952308,49.95635401,51.64965865,58.6162968,48.02764495,48.32744258,41.73926668,38.12092657,43.57183788
7/1/1998,48.42864559,47.06161244,32.11091802,34.87806657,40.87584423,51.69686298,50.34131855,51.96920648,59.04422536,48.48538167,48.89468132,42.37110117,38.3966193,43.77770989
8/1/1998,48.89421013,47.47862241,32.43391945,35.05317607,40.68083666,52.57676943,50.85965711,52.51359749,59.76701961,48.97423394,49.43620583,42.69661977,38.64620298,44.13508189
9/1/1998,49.68721726,47.85403454,36.543561,35.35198642,40.49367929,53.37768627,51.8392194,53.48745984,60.62945222,49.95942648,49.79275929,43.02294352,38.93130359,44.40393114
10/1/1998,50.39922341,48.57551808,36.55118621,36.30652195,42.2025159,53.35098032,52.565713,54.47385356,61.54792074,50.39510224,50.12304275,43.67826657,39.53038284,44.50797051
11/1/1998,51.2917624,49.88296791,36.55674907,39.23820426,45.06031435,53.48344131,53.166919,55.14187621,62.45115761,50.92123178,50.77864952,45.23279781,41.2822604,44.6141816
12/1/1998,52.54326558,52.34840798,36.57054983,40.49138793,49.50711306,54.44643232,53.99780292,55.93544781,63.45703909,51.79316423,51.85882223,47.4407242,43.27235922,47.66563432
1/1/1999,53.87012062,54.41806284,36.77999613,40.8258573,53.80729264,54.82541112,55.29691371,57.53089359,64.4740895,52.76033441,53.08288595,48.79178606,44.030838,49.03060581
2/1/1999,54.59408022,53.58946761,37.17234049,41.41455239,50.81606744,55.63483841,56.30798717,58.57846846,65.71692467,53.72988143,54.40709782,48.8128112,44.7473608,49.93526242
3/1/1999,55.10129148,52.12665936,37.27345596,41.84067787,46.65220971,56.2182959,57.19612811,59.40782277,66.89538411,54.68301171,55.67023286,48.40182054,45.198773,50.42725024
4/1/1999,55.60697442,52.00914108,37.42371574,41.91494212,46.05619852,56.4631319,57.88114492,60.13772141,67.88396247,55.31738724,56.51767519,48.46635519,45.41214534,50.83921465
5/1/1999,55.94148549,52.34556732,37.53054922,40.47521913,46.74187832,56.53482109,58.44233184,60.77051363,68.77477108,55.7981795,57.01176159,48.2534891,44.75026197,51.26766052
6/1/1999,56.3090465,52.38089525,37.64214862,40.80577688,46.95205315,56.43774823,58.89660792,61.26744498,69.4491584,56.20447438,57.34838903,48.40460026,44.99568259,51.39561738
7/1/1999,56.68119247,52.65873411,37.69608214,41.35151466,48.14909485,56.01943825,59.28537432,61.53713675,69.77276016,56.72593849,58.06061599,48.72529461,45.35044397,51.48476493
8/1/1999,57.0002293,52.34200483,38.17428556,41.75177003,47.83462954,55.70131533,59.73372086,61.96604026,70.29120137,57.19566342,58.54755066,48.72817304,45.61496865,51.56064702
9/1/1999,57.55099768,52.02984585,43.18069914,42.44219386,47.20336111,55.63104873,60.46150604,62.36928302,70.79983258,58.28537051,59.12615517,48.84219682,46.07753645,51.70673437
10/1/1999,57.91550204,51.66354086,43.18221246,43.47499267,46.26568907,55.69765849,60.89621626,62.91204988,71.45072659,58.59907001,59.45885965,49.02855096,46.71574833,51.79511867
11/1/1999,58.43054594,51.64899452,43.18240863,45.67358181,46.18273363,55.73491489,61.28307058,63.39080942,72.12037944,58.88298844,59.78914037,49.83118176,48.18483574,52.25083649
12/1/1999,59.01589258,52.4796946,43.18966153,46.86463126,47.69476114,56.04898688,61.77787652,63.82440803,72.62529865,59.44578276,60.6028456,50.61280433,48.92379914,52.35993564
1/1/2000,59.80832658,52.97875738,43.55599959,47.3514124,48.19819407,56.54423667,62.57789183,64.56849855,73.20172443,60.30765733,61.70879812,51.36176907,49.87497585,53.97667911
2/1/2000,60.33884472,52.36135493,43.95331756,47.93139863,46.02169784,57.10774569,63.26642454,65.26178826,73.92649273,60.99035995,62.49631409,51.50136433,50.63386447,54.996226
3/1/2000,60.6733558,52.03720881,43.97502708,48.61142111,44.88677332,57.39771425,63.67561248,65.72963388,74.44722497,61.33372809,62.90689918,51.64839336,51.16616699,55.32587421
4/1/2000,61.01856512,52.51396569,43.98764253,48.92120481,46.26065281,57.19483662,64.01018368,66.04503148,74.819251,61.68946223,63.31104308,52.0081901,51.42906934,55.52548021
5/1/2000,61.24666691,53.29612885,44.16841307,47.98251967,47.4609631,57.65965725,64.29018972,66.34909237,75.22709977,61.94239203,63.49347748,52.10605145,50.96639817,55.72943203
6/1/2000,61.60945191,54.42987726,44.28921647,48.55009989,49.87978335,57.81941603,64.50600147,66.49658037,75.4694269,62.23434978,63.79829242,52.80563775,51.30832587,55.75667968
7/1/2000,61.84978026,54.58438792,44.37153213,49.19306103,50.33296715,57.74766469,64.72042275,66.64318854,75.67967208,62.52434776,64.19441563,53.09941777,51.71519012,55.8348316
8/1/2000,62.18964046,54.8916307,44.94940885,50.09716724,51.29486381,57.55900148,64.99095612,66.90537804,76.03938022,62.80399686,64.48064645,53.59315181,52.36003329,56.12085721
9/1/2000,62.64393363,54.85016841,49.69259263,51.04555779,51.45176177,57.36741565,65.49156236,67.13672179,76.25132708,63.60495569,64.71539892,53.92334313,52.99344085,56.31670391
10/1/2000,63.075302,55.28144718,49.73561173,52.31928175,52.79996887,57.1041123,65.8339817,67.3729463,76.51254544,64.06572262,65.44485574,54.55179744,53.7813237,56.42762577
11/1/2000,63.61460798,55.29636561,49.73561173,54.76309691,52.5178996,57.34384545,66.25248219,67.78563039,77.05045093,64.49040487,66.11364146,55.36052104,55.2373505,56.50570637
12/1/2000,64.30330726,57.76406968,49.73561173,55.59639264,57.34991649,58.01918881,66.62567814,68.095469,77.47833368,64.9340818,66.78451401,56.77462149,55.78440243,56.65481082
1/1/2001,64.65978794,57.05270985,50.11848975,56.27745312,54.84646887,58.66521987,67.12090834,68.61935079,77.86928593,65.39694019,67.19932948,56.79135987,56.3971647,57.17785339
2/1/2001,64.61699498,53.34891239,50.40265596,56.84760251,46.5974278,58.40607204,67.62711638,69.13868281,78.32391007,65.88811036,67.78526243,55.44906887,56.9924439,57.81504741
3/1/2001,65.02639374,54.10892075,50.40648154,56.7263536,47.75963089,58.86083678,68.0319511,69.4708846,78.57954115,66.37376182,68.50713148,55.85633154,57.10962941,58.26992817
4/1/2001,65.35440947,55.22018014,50.40931429,55.93517989,49.00704227,59.8679008,68.35967516,69.78910329,78.78355356,66.71185587,68.94763482,56.17461537,56.77771253,58.58240882
5/1/2001,65.50437588,55.81900845,50.56429196,54.13034561,49.46816099,60.57037444,68.6062271,69.99902807,78.88476123,66.99913005,69.28477259,56.09153563,56.13663423,59.57640226
6/1/2001,65.65930934,55.71005397,50.70569694,54.13018784,49.27903923,60.5222195,68.82643456,70.2045662,79.13869118,67.2355557,69.53865978,56.08680258,56.21723985,59.77183704
7/1/2001,65.4887106,55.21622591,50.75732297,52.17559313,48.59842113,60.17029723,68.93259121,70.1481907,79.01098562,67.52315834,69.89373946,55.2661764,55.13167602,59.90067473
8/1/2001,65.87671289,57.41654415,51.31169924,51.36817057,52.75695563,60.88595406,69.16243653,70.27282612,79.22064014,67.87033578,70.25969919,56.01616089,54.69192592,59.97492954
9/1/2001,66.48995136,58.48927682,56.67848123,52.36734601,54.49266443,61.45570648,69.68589442,70.42828366,79.40264523,68.80440548,70.48226957,56.82321306,55.27891038,59.98669191
10/1/2001,66.79045731,59.1696769,56.70613852,53.16586011,55.57803582,61.82884147,69.86153951,70.56445165,79.40781972,69.02400906,70.69318808,57.40970561,55.78666173,60.08969337
11/1/2001,67.04205702,58.67941105,56.70689518,55.23013791,54.72377425,61.61462853,70.02850274,70.69008191,79.50783336,69.23701004,70.9579621,57.85363897,56.99399333,60.10099549
12/1/2001,67.13490247,58.54587214,56.70689518,54.89523724,53.92358575,61.98590113,70.19623066,70.7548491,79.58304757,69.51960472,71.36679407,57.7662403,56.94464596,60.45402026
1/1/2002,67.7546363,60.14941952,56.97739921,54.42905949,57.56671389,62.04379485,70.54638324,70.8988804,79.48285555,70.09970299,72.14849414,59.00549534,57.88173044,63.38123224
2/1/2002,67.71107918,55.60694975,57.17827218,56.28753968,47.39186247,61.76982331,71.04547029,71.28111015,79.83256847,70.72892843,72.8649324,57.67774878,59.19001659,63.92740245
3/1/2002,68.05743473,55.64927838,57.26496712,57.49025156,47.78711433,61.54493423,71.33471323,71.4698866,79.84141348,71.13016116,73.3657375,58.14845172,60.00992574,64.21608217
4/1/2002,68.42919862,56.49520859,57.27530382,58.0339955,50.07422872,61.29898346,71.58908487,71.61976002,79.93576433,71.50105164,73.8196673,58.78639312,60.47556699,64.57657391
5/1/2002,68.56789368,57.02918388,57.2909991,57.54022354,51.94181754,60.82282788,71.72148331,71.66408927,79.89077753,71.73171162,73.99727333,58.93577727,60.30962124,64.87138132
6/1/2002,68.90221371,58.57923087,57.37670973,58.06682833,55.59755242,60.77722995,71.81218044,71.62078719,79.85120126,71.97199903,74.17439735,59.83672868,60.67631396,65.01642052
7/1/2002,69.10001172,59.89209051,57.43074414,57.85947648,58.45197271,60.94678352,71.90870972,71.5599742,79.75406056,72.22004485,74.42345744,60.31408768,60.58348406,65.11235007
8/1/2002,69.36274679,60.27439241,58.17084251,58.26748927,58.50771438,61.56824695,72.15098022,71.68632971,79.90344738,72.56579893,74.65197094,60.64165438,60.87610867,65.21313322
9/1/2002,69.77995076,59.88333532,62.40075391,59.13840506,57.70562351,61.47821694,72.62610973,71.73940185,79.91232095,73.41772196,74.79510236,60.87588556,61.50951406,65.45165985
10/1/2002,70.0875094,59.93158824,62.40266585,60.98759491,57.56120313,61.66757718,72.79547175,71.95518936,80.00214208,73.54563743,74.81673191,61.61750157,62.6937622,65.53039273
11/1/2002,70.65435513,61.44052791,62.40266585,64.35889497,61.36205133,61.49800146,72.93579749,72.05831668,80.0295619,73.71917222,74.96523471,63.51736389,64.84318343,65.64834916
12/1/2002,70.96191376,63.60843805,62.40266585,64.13944141,65.91103624,61.92209391,73.08758288,72.1360218,80.0586341,73.93709308,75.26588985,64.31293259,64.76267084,65.79883631
1/1/2003,71.24878459,62.56425756,62.62953812,65.32449579,62.47237645,62.63154813,73.41278417,72.33148766,80.05350185,74.37811623,75.83973381,64.479387,65.7019756,66.32956397
2/1/2003,71.44669788,61.32927368,63.03121617,65.58070636,58.26810161,63.57117136,73.77708167,72.64692649,80.2875818,74.78603253,76.22556677,64.15638158,65.96116296,66.59370047
3/1/2003,71.89769193,63.11887824,63.13168076,66.123764,61.5964708,64.23383736,74.07684693,72.92124638,80.48857529,75.10851424,76.58739063,65.08153678,66.33446725,66.68477713
4/1/2003,72.02043955,62.56379184,63.22891967,65.88021007,59.57741864,64.75090939,74.32775477,73.04547774,80.55514868,75.47251305,77.14419094,64.80293357,66.23236657,66.81785306
5/1/2003,71.78804659,62.2623866,63.25398369,61.9776087,59.34239355,64.40088959,74.52492942,73.19625424,80.6783605,75.71110985,77.45199238,63.22618236,63.84145446,66.94023724
6/1/2003,71.84735162,62.14894546,63.29480677,62.04759764,59.20434571,64.30546955,74.60605617,73.16835845,80.57482789,75.88956693,77.61526022,63.21823474,63.90085226,66.98202647
7/1/2003,71.95148021,62.41318324,63.37100062,62.0256066,60.59678592,63.74345047,74.70729652,73.09483494,80.44483165,76.14682846,78.00821513,63.33115349,63.9171713,67.06203885
8/1/2003,72.16732293,62.11879175,64.73219605,62.40422924,59.63008364,63.94143642,74.97479512,73.24692477,80.65300899,76.51735874,78.13710114,63.38388115,64.19149438,67.16295615
9/1/2003,72.59693958,63.16048076,67.74570481,62.96614556,61.376295,64.46715736,75.33417161,73.36167954,80.78363449,77.0951223,78.1586803,64.03299105,64.58998793,67.28974715
10/1/2003,72.86312262,63.76921231,67.74165169,63.84541782,62.00479563,65.06141071,75.49586375,73.54023464,80.86766264,77.24175997,78.27135042,64.62713273,65.17481567,67.38503887
11/1/2003,73.46789598,64.59094262,67.76406314,67.8396573,62.55457908,66.0823056,75.69420838,73.8012055,81.00683867,77.38419475,78.42907841,66.50418613,67.72557082,67.53589353
12/1/2003,73.78372973,65.93092167,67.76481293,68.06139252,64.35266712,67.08678129,75.91319092,74.02026067,81.04628908,77.60311245,78.78613299,67.12357018,67.8849383,67.59156998
1/1/2004,74.24230931,67.00653379,67.93493053,68.40837658,63.71584812,69.41651938,76.2053658,74.3306694,81.09630967,77.87900899,79.10767915,68.10084121,68.79942991,69.44958528
2/1/2004,74.68640743,67.63232222,68.21510271,68.9851834,63.12819589,70.93099023,76.54880496,74.70632693,81.32298076,78.19368507,79.38304597,68.86048759,69.64452913,70.74074064
3/1/2004,74.93948818,67.19519983,68.30766303,69.53444488,60.2711068,72.26616865,76.82952497,74.9464212,81.46035734,78.51067387,79.61640311,69.02812321,70.19823279,71.30182977
4/1/2004,75.05258149,65.91778927,68.44978794,69.41087602,57.99806313,71.71792572,77.08258516,75.11741359,81.53402331,78.83700044,79.92283409,68.70118683,70.47806422,72.2523443
5/1/2004,74.86432251,65.3226776,68.5463458,66.44529101,57.46367433,71.07834268,77.26046159,75.32487576,81.6539,78.98846407,79.96806741,67.36892657,68.67521985,72.38264306
6/1/2004,74.98431175,64.16322128,68.64105088,67.22993007,54.70274956,71.09174707,77.46596352,75.55026637,81.7995617,79.17621031,80.18808605,67.22158304,69.17399326,72.40614348
7/1/2004,75.18084586,64.57640694,68.82018221,67.71381705,55.27944711,71.3851822,77.60088855,75.6703971,81.80721116,79.32434301,80.29550777,67.61185445,69.54963657,72.60182362
8/1/2004,75.64494218,67.07669411,69.57970472,68.35044809,58.74756547,73.17666293,77.81654613,75.90291272,81.98015053,79.5249505,80.35001648,68.85108565,69.98382939,72.69944778
9/1/2004,76.27040334,69.47201685,72.83330784,68.97408334,63.856673,73.58450255,78.26196831,76.16675449,82.1526277,80.13247937,80.37750991,70.04019585,70.4029124,72.7784474
10/1/2004,76.79863185,72.00859886,72.83397772,70.17131283,69.54129335,73.81556899,78.48674337,76.48855821,82.33548829,80.27063168,80.57829151,71.51712194,71.20337075,72.91924411
11/1/2004,77.45374553,73.25507225,72.8372725,74.39476604,71.79027347,74.32784076,78.67314546,76.69290001,82.46204391,80.44101802,80.82461663,73.64066301,73.88681808,73.04231668
12/1/2004,77.61373118,72.59509764,72.84528637,74.88016115,68.49085998,75.60090086,78.892583,76.89104078,82.43580841,80.67946834,81.25070626,73.61432001,74.26497559,73.24218365
1/1/2005,77.61648956,69.34361285,73.24081625,75.28429632,60.05533132,76.14603243,79.18813741,77.14840563,82.60217451,81.00911663,81.65785472,72.69920292,74.84135905,74.10494276
2/1/2005,77.87508706,69.70042459,73.39375196,74.97525305,60.23181271,76.63491195,79.49559449,77.45271266,82.89856534,81.31938594,82.02271447,72.80548602,74.78770861,74.47590196
3/1/2005,78.22609007,71.04566416,73.4645972,75.37119089,63.07519843,76.88296054,79.72227122,77.65810262,83.11077433,81.56506652,82.45014631,73.54542849,75.14123889,74.75892652
4/1/2005,78.50468579,73.38503672,73.52276769,74.53427528,69.2938535,76.38127932,79.87383002,77.82372424,83.29546131,81.70407068,82.61213429,74.22250999,74.75713981,75.12766873
5/1/2005,78.30746209,74.62138095,73.58595167,69.79420028,72.67266466,76.04855407,80.02846457,78.01323426,83.46572439,81.82757001,82.78097332,72.92306895,71.83889317,75.23834778
6/1/2005,78.23229641,71.83340607,73.7442495,70.15176259,65.89973199,76.17902593,80.22273014,78.19826042,83.62415868,82.03008411,83.06958398,72.00628077,72.11664125,75.38339875
7/1/2005,78.53847586,73.31625262,73.80752468,70.61266622,68.84041463,76.59420321,80.38775429,78.22556108,83.62979705,82.31806149,83.54469644,72.7544659,72.39583003,75.36047303
8/1/2005,78.63226056,72.95450085,74.5345881,71.03026729,67.29424385,77.0998794,80.49871831,78.31216841,83.70555658,82.45077004,83.46872409,72.79232664,72.68879714,75.44622687
9/1/2005,78.94740472,72.62158774,77.67496973,71.48886155,66.6339494,77.00672919,80.88567783,78.49894808,83.81358192,83.01644098,83.42803792,72.8843277,73.05205675,75.65098551
10/1/2005,79.14118045,71.25450049,77.67156741,73.38334619,64.15151545,76.45648369,81.07874144,78.72419704,84.00619335,83.18077099,83.57961652,73.07916954,74.24400966,75.67492692
11/1/2005,79.71078455,70.0985017,77.67156741,79.2851001,62.27881888,75.82536983,81.24562168,78.87945751,84.15192169,83.35802481,83.82164885,74.91086518,77.98300263,75.81816834
12/1/2005,80.20039583,72.46300466,77.67319213,80.2188744,67.217031,76.30497627,81.47517994,79.07255123,84.26802211,83.62013695,84.28266857,76.21222736,78.60567238,75.92360355
1/1/2006,80.67069849,74.48823514,77.86527369,81.47330727,71.77976556,76.47182558,81.65258954,79.29238872,84.40386772,83.75966888,84.24677424,77.59922613,79.58523405,76.44617132
2/1/2006,80.7941357,74.10830659,78.12146739,80.97144593,70.84432021,76.49873853,81.91946689,79.53708068,84.57640805,84.04635232,84.48285869,77.27283852,79.29302613,76.50252788
3/1/2006,80.89550592,72.09070503,78.21502022,81.36526678,66.41436622,76.24786134,82.24426895,79.77035969,84.83578841,84.45286198,84.98912503,76.67600671,79.60319148,76.6736097
4/1/2006,81.01411598,71.45557587,78.31472528,80.97063078,65.66461637,75.69667646,82.52340113,79.93628001,85.04019483,84.83306453,85.47929992,76.29151239,79.37869851,76.73199223
5/1/2006,80.65345866,71.86923859,78.42044717,75.68906568,66.43655378,75.84795105,82.63496785,80.03064063,85.08329489,84.95999206,85.39480395,74.45596831,76.10729605,76.80263526
6/1/2006,80.72310758,70.36840794,78.54516049,75.8928824,63.29417128,75.5493368,82.88460223,80.19530169,85.20875251,85.28548673,85.75989192,73.96202182,76.25612863,76.86005262
7/1/2006,80.94446705,70.51085956,78.60183666,76.28285665,63.82449774,75.40772218,83.0989189,80.28634068,85.21096853,85.60986008,86.27707632,74.20458079,76.56259457,77.02767975
8/1/2006,81.35753346,73.14796627,79.25574749,76.58645105,68.73809547,76.37760475,83.24370987,80.44477593,85.36960541,85.74247006,86.17213594,75.45605283,76.92949913,77.49984219
9/1/2006,82.17883914,78.04400696,82.10211827,76.69963669,78.52068732,77.69490258,83.69907222,80.80759534,85.55546277,86.28045051,86.24802399,77.42269875,77.02606531,77.56877727
10/1/2006,82.53811727,79.21117071,82.10211827,77.78446714,80.67179771,78.14145746,83.89246232,81.09520803,85.77071921,86.389723,86.39726997,78.30279839,77.72290773,77.6205606
11/1/2006,82.97118189,76.69596259,82.10211827,83.21535946,74.68621617,78.16783211,84.11225657,81.39473239,85.91612254,86.53833786,86.61835217,79.40293768,81.13102818,77.66567177
12/1/2006,83.45113886,78.47818301,82.10524548,83.7618231,77.60560362,79.1172303,84.445131,81.77548607,86.11410684,86.82846789,87.0802577,80.34239332,81.53247598,77.82601991
1/1/2007,83.88213471,78.62181849,82.25941571,84.3640054,76.83080238,79.9334974,84.83716607,82.33472149,86.20221739,87.07123411,87.24132425,80.8959632,82.34774157,78.99555237
2/1/2007,84.11659644,78.42736678,82.50169469,84.20271275,75.64120148,80.46785891,85.15986681,82.61383061,86.49604213,87.43285148,87.62109556,80.85420635,82.40346271,79.41207516
3/1/2007,84.29864909,78.33912786,82.5952455,84.15521597,75.44133003,80.46137584,85.41082196,82.81557435,86.76799748,87.72774032,88.03454657,80.8210328,82.40544203,79.49631218
4/1/2007,84.24830877,78.57167937,82.69034757,81.98160983,75.48518502,80.83212222,85.57608403,83.03323886,87.01662996,87.84621989,88.04372042,80.09550532,81.06829193,79.54983271
5/1/2007,83.83731114,76.28737282,82.77122577,78.44639411,68.84751035,81.73607352,85.74534447,83.24961831,87.17791697,87.97341462,88.12597757,77.86808236,78.87718256,79.59340055
6/1/2007,83.93799177,75.07044551,82.96800973,78.71157892,65.80707051,81.85462438,85.99037808,83.4793549,87.26898662,88.23210472,88.52103761,77.51907794,79.08224653,79.6985091
7/1/2007,84.29451153,76.32712901,83.04185842,79.08961926,69.10530671,81.61614455,86.25155467,83.72879472,87.31961708,88.50375936,88.9588234,78.1722595,79.3501619,79.7833335
8/1/2007,84.63792901,77.6268615,83.92430948,79.44922007,71.46991903,82.13599548,86.48495409,83.99720381,87.47097623,88.70590374,88.89684705,78.86147791,79.64963769,79.98284694
9/1/2007,85.29511147,80.79124957,86.75641624,79.89108308,78.05260245,82.79694101,86.89862896,84.32797052,87.58938873,89.19359522,88.78574187,80.27946335,79.95274705,80.05526802
10/1/2007,85.62749547,79.59256866,86.75641624,82.31325331,75.15547765,82.84214229,87.18339661,84.75087572,87.68640563,89.35503999,89.02802784,80.75917552,81.50391907,80.15834046
11/1/2007,86.23157924,80.41941627,86.75641624,86.35086366,77.17688854,82.79413262,87.38112301,85.07634694,87.8065818,89.43872165,89.05519158,82.63598001,84.05099958,80.22730381
12/1/2007,86.588099,81.16329117,86.76931497,86.61763298,77.72249422,83.68321312,87.71509352,85.4711844,88.06497816,89.71835294,89.55116033,83.06313989,84.27597356,80.38278991
1/1/2008,86.98944233,81.3079207,87.05284274,87.18606755,77.12832719,84.36891197,88.09551371,85.87591179,88.2061804,90.07707277,89.82246624,83.53064108,84.94959095,81.23128159
2/1/2008,87.24803983,79.89713262,87.21609606,87.53706809,73.52499434,84.56386866,88.47424693,86.24406191,88.54070625,90.46525409,90.15642376,83.41240539,85.65650046,82.52991634
3/1/2008,87.88039693,81.75328738,87.30662694,88.27891276,76.24718353,85.78576943,88.90565834,86.71536442,88.90930677,90.86105257,90.73814581,84.67319384,86.53721638,83.64151608
4/1/2008,88.080379,83.0284762,87.41333559,86.07690638,78.28886372,86.49960621,89.25525504,87.23466419,89.13314631,91.05914613,90.8252089,84.40557871,85.28469939,83.96759609
5/1/2008,87.98521512,81.96273351,87.49466836,82.62387753,74.96830261,87.08521536,89.68081758,87.82826619,89.38928638,91.33469073,91.06768168,82.68226598,83.14160424,84.00236357
6/1/2008,88.34932041,81.73734831,87.63782055,83.30996688,74.22003687,87.24276998,90.10203526,88.25547469,89.68142222,91.75056007,91.71897958,82.86778551,83.5894389,84.05408201
7/1/2008,88.84169006,82.97751373,87.79129589,83.98708605,76.09920835,88.01494922,90.46364219,88.5228647,89.83428833,92.19627956,92.4424152,83.76926557,84.27470754,84.75289976
8/1/2008,89.35474751,83.62291033,88.7198698,84.99929515,75.98273623,89.21831242,90.83729716,89.06002524,90.32390425,92.42396423,92.43159064,84.71770457,85.41660406,86.11041129
9/1/2008,89.96365843,84.51750055,91.75439717,85.63594249,77.30754871,89.79782257,91.36752931,89.51062486,90.76343662,93.02528866,92.53354672,85.57190789,86.24502502,87.25767022
10/1/2008,90.57670692,85.46336597,91.76200042,88.96308435,78.61254259,90.48067459,91.62910016,89.74332179,91.00426285,93.31263682,92.82866355,87.28393209,88.44615298,87.58671598
11/1/2008,91.60626978,88.11313938,91.76126332,93.69357069,82.66056801,92.10641607,92.04627295,90.28826625,91.40450024,93.61574091,93.21179622,90.23064059,91.58242019,88.07247482
12/1/2008,92.24069566,90.60063397,91.76941257,93.5713192,85.94761578,94.00834528,92.57218379,91.03023476,91.74078017,93.94876535,93.86908077,91.20375669,91.58878078,88.2926626
1/1/2009,92.4544696,89.98474567,91.97658742,92.2424606,82.45996114,95.49564038,92.97877666,91.75898855,92.24852872,94.06774769,93.82763429,90.81465319,91.34445337,89.85144993
2/1/2009,92.65858923,88.75010132,92.34199083,91.88455071,77.81042279,96.76194755,93.41128959,92.30543767,93.02494971,94.39854359,93.99035334,90.30478699,91.2972739,90.32088438
3/1/2009,93.19164489,90.43361487,92.39967292,91.9407333,79.56255105,98.39521002,93.89251639,92.90861428,93.64920459,94.77089918,94.47126633,91.00048322,91.36236298,90.40078187
4/1/2009,93.51782254,92.96508877,92.45058883,89.55278335,84.85971753,98.90118532,94.28988351,93.52497752,94.22985402,94.97275658,94.8220096,91.10269558,89.91377303,90.51394675
5/1/2009,93.24543317,92.93606813,92.54151377,85.09409505,84.73436105,98.94271775,94.47743021,94.03402162,94.72551702,94.87328513,94.43494022,89.39297859,87.13112573,90.51784135
6/1/2009,93.41714191,92.74603146,92.60963869,85.17786184,84.6675113,98.66246319,94.71554379,94.34872806,95.12737181,95.0430201,94.67470212,89.35469684,87.18972195,90.53458963
7/1/2009,93.67160186,93.05046733,92.71025011,85.15324056,86.63042516,97.75228653,95.00557175,94.56647488,95.39696786,95.39757735,95.31455371,89.49793753,87.23005816,90.68292251
8/1/2009,93.89571969,93.30696336,93.23040698,85.55067113,88.04858973,97.15801628,95.15171706,94.85788479,95.75941094,95.41403708,95.04965826,89.96554838,87.83244139,91.62605484
9/1/2009,94.36671195,95.30598906,95.54431073,85.36219192,92.98209314,97.00793093,95.52791061,95.2302005,96.11135181,95.79369258,94.91221403,90.73427236,87.81576002,91.89500022
10/1/2009,94.6522036,92.95056202,95.54539434,88.27622156,87.93869257,96.62108371,95.83646376,95.57816483,96.29446952,96.06706123,95.40230719,90.9468573,89.66772359,91.98119965
11/1/2009,95.14319406,92.00300334,95.54539783,93.39614496,85.69710441,96.62122795,95.97428963,95.75989972,96.53489607,96.16568714,95.5042086,92.5441895,92.88967427,92.04762891
12/1/2009,95.53695186,92.10454255,95.55828841,93.82969817,84.98506952,97.31860099,96.42072229,96.09717316,96.72433868,96.70957215,96.49365103,92.77107781,93.19658348,92.14398302
1/1/2010,96.57547944,94.4462413,95.87869306,94.9726977,89.38015835,98.1564671,97.14525843,97.00823951,97.38884621,97.26758265,97.18397135,94.79299657,95.0143597,95.08362588
2/1/2010,97.13405005,95.29395597,96.13221236,95.72753218,90.93762988,98.48438013,97.54659441,97.42458342,97.81816549,97.65552025,97.60082722,95.84402396,96.19517876,96.97267611
3/1/2010,97.8236434,98.67252134,96.19545657,96.3927874,98.62471267,98.70753476,97.88889199,97.64444979,98.09169308,98.10711882,98.40314355,97.61926953,96.94689008,97.86812717
4/1/2010,97.5119472,96.41087514,96.25077524,94.10485995,93.68134321,98.40989093,97.99438282,97.88910517,98.40606363,98.08836989,98.24014726,96.00241387,95.74165859,98.46295857
5/1/2010,96.89751953,93.08293309,96.33262909,88.89613125,85.84954547,98.38041867,98.22288645,98.12315402,98.62520439,98.311923,98.48892431,92.75105998,92.53919738,98.59606687
6/1/2010,96.86717743,91.10748978,96.43101891,89.18515327,82.34523069,97.52466851,98.35812361,98.10027167,98.75972647,98.58832203,98.88871157,92.20270605,92.90187496,99.08120232
7/1/2010,97.0775034,91.25153448,96.53554923,89.57611848,83.82123634,96.69323059,98.5630715,98.05464612,98.68723799,99.01697042,99.7035865,92.43077708,93.18358708,99.18127301
8/1/2010,97.34713439,92.50604195,97.36134571,90.32081889,85.13674541,97.90306257,98.65852448,98.24082322,98.9627487,99.03142907,99.2956005,93.2436389,93.71450924,99.35677287
9/1/2010,97.85743347,94.33314814,99.99235836,90.99501076,88.51228733,98.59614743,99.01558055,98.52207847,99.39811012,99.45615664,99.19395574,94.23434041,94.1712631,99.4520198
10/1/2010,98.46151724,95.82787743,99.99237581,94.42623323,91.57323921,98.94382889,99.20488545,98.95003538,99.81915828,99.43240394,99.02249757,96.13528965,96.33153679,99.49924623
11/1/2010,99.25041203,97.15006653,99.99183701,99.62233006,94.39167916,99.17021505,99.44002041,99.29481824,100.0128358,99.56965027,99.21965717,98.65883955,99.62201661,99.62149547
12/1/2010,99.74209209,98.51682741,99.99564038,99.87163737,96.88018725,99.71544666,99.86923991,99.77160498,99.99656014,99.95640391,99.94988587,99.34457079,99.8729892,99.87523673
1/1/2011,100.228,98.24968363,100.304998,100.7859534,96.08417085,99.89438368,100.3258205,100.5001064,100.1926871,100.1833416,100.158837,99.90609733,100.855436,100.9805924
2/1/2011,100.604,98.2355354,100.4443531,101.35961,95.26192372,100.493984,100.7296057,101.0363255,100.6197248,100.4788619,100.5937676,100.1901327,101.3103689,101.2216728
3/1/2011,100.797,97.0081944,100.4847277,102.1348003,92.35694363,100.5408045,101.0302657,101.5244189,100.7902326,100.626295,100.7029686,100.0254344,101.754702,101.0700447
4/1/2011,100.789,99.97730139,100.556532,98.81268646,99.02712166,100.6989599,101.1064594,101.8763739,100.9602363,100.4770532,100.134469,99.74304639,99.60878807,101.0427768
5/1/2011,100.046,96.11322229,100.5880044,92.78563634,89.40447379,101.2084954,101.2864774,102.1634243,101.0688128,100.5695722,100.1319229,95.95098023,95.85799461,101.3921211
6/1/2011,100.041,93.59071256,100.6613204,93.30236986,83.67909914,101.1185513,101.4824684,102.3812603,101.1618324,100.747705,100.3300296,95.28356156,96.25378231,101.5700535
7/1/2011,100.521,96.40304847,100.7392669,93.8627572,88.91093327,102.0932861,101.7104608,102.4579659,101.0505452,101.0993745,101.0041735,96.59758751,96.70908346,101.8360667
8/1/2011,100.68,96.5481638,102.0868944,94.3226417,87.90208108,103.114836,101.8323463,102.5493708,101.1931244,101.246178,100.8560563,96.87681981,97.06518208,102.0052196
9/1/2011,100.927,96.3029666,104.1308968,94.92957057,86.58761834,103.6817426,102.1031889,102.8735729,101.5584985,101.473399,100.6536476,97.04415277,97.46894802,102.0430357
10/1/2011,101.608,96.58760509,104.1837818,99.69603443,85.32921009,105.1383202,102.3678621,103.2381203,101.7443465,101.6564251,100.9088958,99.10183926,100.5428196,102.0681028
11/1/2011,102.707,97.99403216,104.1832763,107.3003922,86.70329395,106.5693118,102.6982145,103.5869443,101.9673377,101.9716767,101.4856684,102.7367063,105.4548702,102.130599
12/1/2011,103.551,102.1938973,104.1833631,108.165674,92.646119,109.4454045,103.2179177,104.2779061,102.3911435,102.3513758,102.2152219,104.6507226,106.0588003,102.2637659
1/1/2012,104.284,105.4954769,104.6334338,108.82704,96.15553012,112.5891367,103.680408,105.1632783,102.915679,102.4681598,102.1712296,106.2754047,106.7224039,102.9313999
2/1/2012,104.496,103.588359,104.8829092,109.4666673,91.06582424,113.0991842,104.1212769,105.8354066,103.4533593,102.7199738,102.4826662,105.7315166,106.9598222,102.444334
3/1/2012,104.556,101.9204167,104.8871164,109.9492108,87.69358903,112.7256469,104.3757313,106.1021074,103.7011497,102.9644166,102.8577077,105.1499205,107.0008426,101.690055
4/1/2012,104.228,100.8331626,104.9058195,106.2463947,85.657445,112.3590716,104.5329411,106.4430844,103.9877521,102.9713965,102.7041983,103.2196917,104.5874807,101.5993397
5/1/2012,103.899,101.4969621,105.1424545,99.88669181,87.49341932,112.1326082,104.8105805,106.7644301,104.2077393,103.2133061,103.0194241,100.8913057,100.5441865,101.7285077
6/1/2012,104.378,104.154725,105.3126196,100.6468705,94.34964086,111.6016552,105.0368504,107.1513905,104.4919725,103.3082113,103.0097511,102.2027336,101.0839909,101.8713599
7/1/2012,104.964,107.2673262,105.4009383,101.382643,96.86537789,115.1675727,105.3639841,107.4916281,104.6874354,103.6246326,103.5354363,103.6445858,101.5682884,101.9026847
8/1/2012,105.279,107.9015866,106.4072843,102.1823895,95.61198415,117.2355005,105.600392,107.9141843,105.2505789,103.7088641,103.2924674,104.218436,102.1075157,101.9726484
9/1/2012,105.743,111.7300363,108.8403171,102.0441508,98.15850749,122.0375692,105.7873451,108.2678571,105.575161,103.7595235,102.5384234,105.5965406,102.0812567,102.1480941
10/1/2012,106.278,111.6537253,108.8403171,105.6978316,96.77447795,122.9544663,106.0282909,108.5789479,105.8140497,103.9431258,102.7930718,107.1007518,104.4913109,102.3180493
11/1/2012,107,110.7566016,108.8403171,113.4651121,94.80051635,122.8751974,106.0831222,108.9965363,106.1439865,103.7014027,102.0563836,110.0244177,109.6047819,102.6513106
12/1/2012,107.246,111.5774688,108.8513633,114.2467693,95.33150663,123.9162253,106.2113664,109.4926867,106.619585,103.528883,101.4804379,110.6599207,110.1340472,102.7259516
1/1/2013,107.678,111.3061397,109.3937195,114.9216272,94.02738614,124.4292978,106.66215,109.7573747,106.7144904,104.1318,102.5076768,111.0280013,110.8685921,103.5680085
2/1/2013,108.208,111.3318388,109.6591775,115.4612207,95.31100247,123.4996129,107.2049649,109.9179692,106.8406357,104.9870805,104.1822499,111.5196742,111.6273281,104.7214775
3/1/2013,109.002,116.4851129,109.6700428,116.39279,105.1048997,125.1283485,107.5275016,110.1476899,107.0254305,105.3854944,104.8954358,113.8680776,112.368179,105.1187945
4/1/2013,109.074,118.2265123,109.6983739,113.1261568,107.1821952,126.5860796,107.6135641,110.3060116,107.0567466,105.413906,104.7706514,113.872549,111.356576,107.9620441
5/1/2013,108.711,117.0291275,109.7647766,108.1148804,101.0646774,129.0450551,107.8260282,110.4951469,107.1140924,105.6449678,105.0729887,111.5419899,108.3381612,108.3546818
6/1/2013,108.645,113.5156963,109.8824786,109.0629298,93.19762389,128.7638997,107.9644424,110.5112471,107.096266,105.8812843,105.3209728,110.7754505,109.2323993,109.1540801
7/1/2013,108.609,111.7977832,110.0454691,109.7543406,91.04010887,127.3706476,108.001108,110.3325086,106.7348803,106.0904464,105.5744858,110.4900026,109.8131415,109.5440079
8/1/2013,108.918,113.5019019,111.2511559,110.4890345,95.82213192,126.7886457,108.0987049,110.6200302,107.0957477,106.0358984,104.8917911,111.5241548,110.443106,109.993128
9/1/2013,109.328,114.3365057,113.6554432,111.1370849,97.54382737,126.9647921,108.4488708,111.0752913,107.6704651,106.3017554,104.6956933,112.1384186,110.9247231,110.1890995
10/1/2013,109.848,113.5147679,113.6461904,115.8694077,97.83836197,125.3121297,108.6572057,111.1921082,107.6249658,106.5833006,105.1956556,113.7222028,113.9652226,110.3322062
11/1/2013,110.872,116.884275,113.6586977,122.7723905,105.6651727,125.3720981,108.8041406,111.1647664,107.5518553,106.8697498,105.6670356,117.7448491,118.3871049,110.5051147
12/1/2013,111.508,119.0161773,113.6586977,123.7301696,108.5730899,126.9297544,109.1607463,111.5612112,107.9659339,107.1943059,106.2432029,119.3383172,119.656526,112.3020942
1/1/2014,112.505,118.2134848,114.1202393,126.0300615,103.9417023,128.9724905,110.0912901,112.9712229,108.3819496,107.7404818,107.1512541,120.5568382,122.09892,114.979456
2/1/2014,112.79,117.3784813,114.4615495,127.1278936,101.7279893,129.1614366,110.4013874,113.1134947,108.385008,108.1848611,107.8263678,120.756227,122.9242095,115.3368639
3/1/2014,113.099,118.2154584,114.487568,127.8368641,102.1535606,130.3053253,110.6385144,113.320364,108.6469037,108.4461252,108.2234125,121.3099255,123.3071277,115.1620726
4/1/2014,112.888,116.8902293,114.5160884,123.8184778,96.56661197,132.146799,110.9605046,113.5844887,108.8393929,108.8143286,108.8959663,119.2787385,120.8468137,115.3689483
5/1/2014,112.527,117.8159275,114.6193114,117.6990762,93.00982571,136.4061583,111.0646126,113.8978073,108.9632165,108.7508435,108.5216853,117.3269567,117.1524529,115.8254452
6/1/2014,112.722,117.3427599,114.781345,118.2448979,91.19473295,136.9300479,111.3006406,114.0932734,108.9978098,109.0192614,108.9008495,117.37958,117.5231768,115.8961103
7/1/2014,113.032,118.256089,114.8681497,118.9565113,93.968325,136.4615158,111.5098258,114.0461172,108.7415576,109.4336593,109.694,118.0333296,118.0205849,116.026295
8/1/2014,113.438,120.5636675,115.9146912,119.1385119,95.94769872,139.0159998,111.7465804,114.5542385,109.3012513,109.4529882,109.2647692,119.0166496,118.2038893,116.2112079
9/1/2014,113.939,122.995499,118.5395949,119.541169,98.70952766,141.2055534,112.073982,114.9217563,109.7567,109.74813,109.0070932,120.1136568,118.4946073,116.3099192
10/1/2014,114.569,123.1232707,118.5411099,124.8352851,99.12357706,141.120653,112.2606426,115.1150069,109.850837,109.9294376,109.2568658,122.2582556,121.8613832,116.3762853
11/1/2014,115.493,125.1145725,118.5411302,131.6481053,101.9875872,142.4656453,112.4417952,115.2543732,110.0101991,110.1439828,109.5710516,125.7236104,126.2219611,116.5373435
12/1/2014,116.059,129.2668874,118.5411505,131.688755,108.6822737,144.7330597,112.7028135,115.4677781,110.1701613,110.4430283,110.066431,127.3329149,126.294685,116.6645587
1/1/2015,115.954,128.2639513,119.0362661,131.3188415,102.8873626,147.2914494,112.6656646,115.7185925,110.182567,110.1752722,109.0684185,126.9926022,126.3548355,117.458428
