Date,brentp
9/12/2014,66.31
8/12/2014,66.08
7/12/2014,68.01
5/12/2014,68.94
4/12/2014,69.43
3/12/2014,70.03
2/12/2014,71.09
1/12/2014,72.79
30/11/2014,69.19
28/11/2014,70.02
27/11/2014,72.84
26/11/2014,77.53
25/11/2014,78.17
24/11/2014,79.4
23/11/2014,80.45
21/11/2014,80.36
20/11/2014,79.33
19/11/2014,78.1
18/11/2014,78.47
17/11/2014,79.31
16/11/2014,79.57
14/11/2014,79.41
13/11/2014,77.92
12/11/2014,80.38
11/11/2014,81.67
10/11/2014,82.34
7/11/2014,83.39
6/11/2014,82.86
5/11/2014,82.95
4/11/2014,82.82
3/11/2014,84.78
31/10/2014,85.86
30/10/2014,86.24
29/10/2014,87.12
28/10/2014,86.03
27/10/2014,85.83
24/10/2014,86.13
23/10/2014,86.83
22/10/2014,84.71
21/10/2014,86.22
20/10/2014,85.4
17/10/2014,86.16
16/10/2014,85.82
15/10/2014,83.78
14/10/2014,85.04
13/10/2014,88.89
10/10/2014,90.21
9/10/2014,90.05
8/10/2014,91.38
7/10/2014,92.11
6/10/2014,92.79
3/10/2014,92.31
2/10/2014,93.42
1/10/2014,94.16
30/09/2014,94.67
29/09/2014,97.2
26/09/2014,97
25/09/2014,97
24/09/2014,96.95
23/09/2014,96.85
22/09/2014,96.97
19/09/2014,98.39
18/09/2014,97.7
17/09/2014,98.97
16/09/2014,99.05
15/09/2014,97.88
12/9/2014,97.11
11/9/2014,98.08
10/9/2014,98.04
9/9/2014,99.16
8/9/2014,100.2
5/9/2014,100.82
4/9/2014,101.83
3/9/2014,102.77
2/9/2014,100.34
1/9/2014,102.79
29/08/2014,103.19
28/08/2014,102.46
27/08/2014,102.72
26/08/2014,102.5
25/08/2014,102.65
22/08/2014,102.29
21/08/2014,102.63
20/08/2014,102.28
19/08/2014,101.56
18/08/2014,101.6
15/08/2014,103.53
14/08/2014,102.07
13/08/2014,104.28
12/8/2014,103.02
11/8/2014,104.68
8/8/2014,105.02
7/8/2014,105.44
6/8/2014,104.59
5/8/2014,104.61
4/8/2014,105.41
1/8/2014,104.84
31/07/2014,106.02
30/07/2014,106.51
29/07/2014,107.72
28/07/2014,107.57
25/07/2014,108.39
24/07/2014,107.07
23/07/2014,108.03
22/07/2014,107.33
21/07/2014,107.68
18/07/2014,107.24
17/07/2014,107.89
16/07/2014,105.85
15/07/2014,106.02
14/07/2014,106.98
11/7/2014,106.66
10/7/2014,108.67
9/7/2014,108.28
8/7/2014,108.94
7/7/2014,110.24
4/7/2014,110.64
3/7/2014,111
2/7/2014,111.24
1/7/2014,112.29
30/06/2014,112.36
27/06/2014,113.3
26/06/2014,113.21
25/06/2014,114
24/06/2014,114.46
23/06/2014,114.12
20/06/2014,114.81
19/06/2014,115.06
18/06/2014,114.26
17/06/2014,113.45
16/06/2014,112.94
13/06/2014,113.41
12/6/2014,113.02
11/6/2014,109.95
10/6/2014,109.52
9/6/2014,109.99
6/6/2014,108.61
5/6/2014,108.79
4/6/2014,108.4
3/6/2014,108.82
2/6/2014,108.83
30/05/2014,109.41
29/05/2014,109.97
28/05/2014,109.81
27/05/2014,110.02
26/05/2014,110.32
23/05/2014,110.54
22/05/2014,110.36
21/05/2014,110.55
20/05/2014,109.69
19/05/2014,109.37
16/05/2014,109.75
15/05/2014,110.44
14/05/2014,110.19
13/05/2014,109.24
12/5/2014,108.41
9/5/2014,107.89
8/5/2014,108.04
7/5/2014,108.13
6/5/2014,107.06
5/5/2014,107.72
2/5/2014,108.59
1/5/2014,107.76
30/04/2014,108.07
29/04/2014,108.98
28/04/2014,108.12
25/04/2014,109.58
24/04/2014,110.33
23/04/2014,109.11
22/04/2014,109.27
21/04/2014,109.95
17/04/2014,109.53
16/04/2014,109.6
15/04/2014,108.74
14/04/2014,109.07
11/4/2014,107.33
10/4/2014,107.46
9/4/2014,107.98
8/4/2014,107.67
7/4/2014,105.82
4/4/2014,106.72
3/4/2014,106.15
2/4/2014,104.79
1/4/2014,105.62
31/03/2014,107.76
28/03/2014,108.07
27/03/2014,107.83
26/03/2014,107.03
25/03/2014,106.99
24/03/2014,106.81
21/03/2014,106.92
20/03/2014,106.45
19/03/2014,105.85
18/03/2014,106.79
17/03/2014,106.24
14/03/2014,108.57
13/03/2014,107.39
12/3/2014,108.02
11/3/2014,108.55
10/3/2014,108.08
7/3/2014,109
6/3/2014,108.1
5/3/2014,107.76
4/3/2014,109.3
3/3/2014,111.2
28/02/2014,109.07
27/02/2014,108.96
26/02/2014,109.52
25/02/2014,109.51
24/02/2014,110.64
21/02/2014,109.85
20/02/2014,110.3
19/02/2014,110.47
18/02/2014,110.46
17/02/2014,109.18
14/02/2014,109.08
13/02/2014,108.73
12/2/2014,108.79
11/2/2014,108.68
10/2/2014,108.63
7/2/2014,109.57
6/2/2014,107.19
5/2/2014,106.25
4/2/2014,105.78
3/2/2014,106.04
31/01/2014,106.4
30/01/2014,107.95
29/01/2014,107.85
28/01/2014,107.41
27/01/2014,106.69
24/01/2014,107.88
23/01/2014,107.58
22/01/2014,108.27
21/01/2014,106.73
20/01/2014,106.35
17/01/2014,106.48
16/01/2014,107.09
15/01/2014,107.13
14/01/2014,106.39
13/01/2014,106.75
10/1/2014,107.25
9/1/2014,106.39
8/1/2014,107.15
7/1/2014,107.35
6/1/2014,106.73
3/1/2014,106.89
2/1/2014,107.78
31/12/2013,110.8
30/12/2013,111.21
27/12/2013,112.18
26/12/2013,111.98
24/12/2013,111.9
23/12/2013,111.56
20/12/2013,111.77
19/12/2013,110.29
18/12/2013,109.63
17/12/2013,108.44
16/12/2013,110.47
13/12/2013,108.83
12/12/2013,108.67
11/12/2013,109.7
10/12/2013,109.38
9/12/2013,109.39
6/12/2013,111.61
5/12/2013,110.98
4/12/2013,111.88
3/12/2013,112.62
2/12/2013,111.45
29/11/2013,109.69
28/11/2013,110.86
27/11/2013,111.31
26/11/2013,110.88
25/11/2013,111
22/11/2013,111.05
21/11/2013,110.08
20/11/2013,108.06
19/11/2013,106.92
18/11/2013,108.47
14/11/2013,108.54
13/11/2013,107.12
12/11/2013,105.81
11/11/2013,106.4
8/11/2013,105.12
7/11/2013,103.46
6/11/2013,105.24
5/11/2013,105.33
4/11/2013,106.23
1/11/2013,105.91
31/10/2013,108.84
30/10/2013,109.86
29/10/2013,109.01
28/10/2013,109.61
25/10/2013,106.93
24/10/2013,106.99
23/10/2013,107.8
22/10/2013,109.97
21/10/2013,109.64
18/10/2013,109.94
17/10/2013,109.11
16/10/2013,110.86
15/10/2013,109.96
14/10/2013,111.04
11/10/2013,111.28
10/10/2013,111.8
9/10/2013,109.06
8/10/2013,110.16
7/10/2013,109.68
4/10/2013,109.46
3/10/2013,109
2/10/2013,109.19
1/10/2013,107.94
30/09/2013,108.37
27/09/2013,108.63
26/09/2013,109.21
25/09/2013,108.32
24/09/2013,108.64
23/09/2013,108.16
20/09/2013,109.22
19/09/2013,108.76
18/09/2013,110.6
17/09/2013,108.19
16/09/2013,110.07
13/09/2013,112.78
12/9/2013,112.63
11/9/2013,111.5
10/9/2013,111.25
9/9/2013,113.72
6/9/2013,116.12
5/9/2013,115.26
4/9/2013,114.91
3/9/2013,115.68
2/9/2013,114.33
30/08/2013,114.01
29/08/2013,115.16
28/08/2013,116.61
27/08/2013,114.36
26/08/2013,110.73
23/08/2013,111.04
22/08/2013,109.9
21/08/2013,109.81
20/08/2013,110.15
19/08/2013,109.9
16/08/2013,111.11
15/08/2013,111.11
14/08/2013,110.2
13/08/2013,109.82
12/8/2013,108.97
9/8/2013,108.22
8/8/2013,106.68
7/8/2013,107.44
6/8/2013,108.18
5/8/2013,108.7
2/8/2013,108.95
1/8/2013,109.54
31/07/2013,107.7
30/07/2013,106.91
29/07/2013,107.45
26/07/2013,107.17
25/07/2013,107.65
24/07/2013,107.19
23/07/2013,108.42
22/07/2013,108.15
19/07/2013,108.07
18/07/2013,108.7
17/07/2013,108.61
16/07/2013,109.4
15/07/2013,109.09
12/7/2013,108.81
11/7/2013,107.73
10/7/2013,108.51
9/7/2013,107.81
8/7/2013,107.43
5/7/2013,107.72
4/7/2013,105.54
3/7/2013,105.76
2/7/2013,104
1/7/2013,103
28/06/2013,102.16
27/06/2013,102.82
26/06/2013,101.66
25/06/2013,101.26
24/06/2013,101.16
21/06/2013,100.91
20/06/2013,102.15
19/06/2013,106.12
18/06/2013,106.02
17/06/2013,105.47
14/06/2013,104.25
13/06/2013,104.25
12/6/2013,103.49
11/6/2013,102.96
10/6/2013,103.95
7/6/2013,104.56
6/6/2013,103.61
5/6/2013,103.04
4/6/2013,103.24
3/6/2013,102.06
31/05/2013,100.39
30/05/2013,102.19
29/05/2013,102.43
28/05/2013,104.23
27/05/2013,102.62
24/05/2013,102.64
23/05/2013,102.44
22/05/2013,102.6
21/05/2013,103.91
20/05/2013,104.8
17/05/2013,104.64
16/05/2013,103.8
15/05/2013,103.68
14/05/2013,102.6
13/05/2013,102.82
10/5/2013,103.91
9/5/2013,104.47
8/5/2013,104.34
7/5/2013,104.4
6/5/2013,105.46
3/5/2013,104.19
2/5/2013,102.85
1/5/2013,99.95
30/04/2013,102.37
29/04/2013,103.81
26/04/2013,103.16
25/04/2013,103.41
24/04/2013,101.73
23/04/2013,100.31
22/04/2013,100.39
19/04/2013,99.65
18/04/2013,99.13
17/04/2013,97.69
16/04/2013,99.91
15/04/2013,100.39
12/4/2013,103.11
11/4/2013,104.27
10/4/2013,105.79
9/4/2013,106.23
8/4/2013,104.66
5/4/2013,104.12
4/4/2013,106.34
3/4/2013,107.11
2/4/2013,110.69
28/03/2013,110.02
27/03/2013,109.69
26/03/2013,109.36
25/03/2013,108.17
22/03/2013,107.66
21/03/2013,107.47
20/03/2013,108.72
19/03/2013,107.45
18/03/2013,109.51
15/03/2013,109.42
14/03/2013,109.42
13/03/2013,108.52
12/3/2013,109.65
11/3/2013,110.22
8/3/2013,110.85
7/3/2013,111.15
6/3/2013,111.06
5/3/2013,111.61
4/3/2013,110.09
1/3/2013,110.4
28/02/2013,111.38
27/02/2013,111.87
26/02/2013,112.71
25/02/2013,114.44
22/02/2013,114.1
21/02/2013,113.53
20/02/2013,115.6
19/02/2013,117.52
18/02/2013,117.38
15/02/2013,117.66
14/02/2013,118
13/02/2013,118.72
12/2/2013,118.66
11/2/2013,118.13
8/2/2013,118.9
7/2/2013,117.24
6/2/2013,116.73
5/2/2013,116.52
4/2/2013,115.6
1/2/2013,116.76
31/01/2013,115.55
30/01/2013,114.9
29/01/2013,114.36
28/01/2013,113.48
25/01/2013,113.28
24/01/2013,113.28
23/01/2013,112.8
22/01/2013,112.42
21/01/2013,111.71
18/01/2013,111.89
17/01/2013,111.1
16/01/2013,110.61
15/01/2013,110.3
14/01/2013,111.88
11/1/2013,110.64
10/1/2013,111.89
9/1/2013,111.76
8/1/2013,111.94
7/1/2013,111.4
4/1/2013,111.31
3/1/2013,112.14
2/1/2013,112.47
31/12/2012,111.11
28/12/2012,110.62
27/12/2012,110.8
26/12/2012,111.07
24/12/2012,108.8
21/12/2012,108.97
20/12/2012,110.2
19/12/2012,110.36
18/12/2012,108.84
17/12/2012,107.64
14/12/2012,108.18
13/12/2012,107.91
12/12/2012,109.5
11/12/2012,108.01
10/12/2012,107.33
7/12/2012,107.02
6/12/2012,108.08
5/12/2012,108.88
4/12/2012,109.91
3/12/2012,110.99
30/11/2012,111.3
29/11/2012,110.83
28/11/2012,109.58
27/11/2012,109.94
26/11/2012,110.99
23/11/2012,111.45
22/11/2012,110.62
21/11/2012,110.93
20/11/2012,109.9
19/11/2012,111.77
16/11/2012,109.02
15/11/2012,110.98
14/11/2012,109.61
13/11/2012,108.26
12/11/2012,109.07
9/11/2012,109.4
8/11/2012,107.25
7/11/2012,106.82
6/11/2012,111.07
5/11/2012,107.8
2/11/2012,105.75
1/11/2012,108.23
31/10/2012,108.76
30/10/2012,109.14
29/10/2012,109.5
26/10/2012,109.61
25/10/2012,108.55
24/10/2012,107.91
23/10/2012,108.3
22/10/2012,109.49
19/10/2012,110.19
18/10/2012,112.47
17/10/2012,113.27
16/10/2012,115.07
15/10/2012,115.8
12/10/2012,114.62
11/10/2012,115.71
10/10/2012,114.33
9/10/2012,114.5
8/10/2012,111.82
5/10/2012,112.02
4/10/2012,112.58
3/10/2012,108.17
2/10/2012,111.57
1/10/2012,112.19
28/09/2012,112.39
27/09/2012,112.01
26/09/2012,110.04
25/09/2012,110.45
24/09/2012,109.81
21/09/2012,111.42
20/09/2012,110.03
19/09/2012,108.19
18/09/2012,112.03
17/09/2012,113.79
14/09/2012,116.66
13/09/2012,116.9
12/9/2012,115.96
11/9/2012,115.4
10/9/2012,114.81
7/9/2012,114.25
6/9/2012,113.49
5/9/2012,113.09
4/9/2012,114.18
3/9/2012,115.78
31/08/2012,114.57
30/08/2012,112.65
29/08/2012,112.54
28/08/2012,112.58
27/08/2012,112.26
24/08/2012,113.59
23/08/2012,115.01
22/08/2012,114.91
21/08/2012,114.64
20/08/2012,113.7
17/08/2012,113.71
16/08/2012,116.9
15/08/2012,116.25
14/08/2012,114.03
13/08/2012,113.6
10/8/2012,112.95
9/8/2012,113.22
8/8/2012,112.14
7/8/2012,112
6/8/2012,109.55
3/8/2012,108.94
2/8/2012,105.9
1/8/2012,105.96
31/07/2012,104.92
30/07/2012,106.2
27/07/2012,106.47
26/07/2012,105.26
25/07/2012,104.38
24/07/2012,103.42
23/07/2012,103.26
20/07/2012,106.83
19/07/2012,107.8
18/07/2012,105.16
17/07/2012,104
16/07/2012,103.55
13/07/2012,102.4
12/7/2012,101.07
11/7/2012,100.23
10/7/2012,97.97
9/7/2012,100.32
6/7/2012,98.19
5/7/2012,100.7
4/7/2012,99.77
3/7/2012,100.68
2/7/2012,97.34
29/06/2012,97.8
28/06/2012,91.36
27/06/2012,93.5
26/06/2012,93.02
25/06/2012,91.01
22/06/2012,90.98
21/06/2012,89.23
20/06/2012,92.69
19/06/2012,95.76
18/06/2012,96.05
15/06/2012,97.61
14/06/2012,97.03
13/06/2012,97.13
12/6/2012,97.14
11/6/2012,98
8/6/2012,99.47
7/6/2012,99.93
6/6/2012,100.64
5/6/2012,98.84
4/6/2012,98.85
1/6/2012,98.43
31/05/2012,101.87
30/05/2012,103.47
29/05/2012,106.68
28/05/2012,107.11
25/05/2012,106.83
24/05/2012,106.55
23/05/2012,105.56
22/05/2012,108.41
21/05/2012,108.81
18/05/2012,107.14
17/05/2012,107.49
16/05/2012,111.71
15/05/2012,112.24
14/05/2012,111.57
11/5/2012,112.26
10/5/2012,112.73
9/5/2012,113.2
8/5/2012,112.73
7/5/2012,113.16
4/5/2012,113.18
3/5/2012,116.08
2/5/2012,118.2
1/5/2012,119.66
30/04/2012,119.47
27/04/2012,119.83
26/04/2012,119.92
25/04/2012,119.12
24/04/2012,118.16
23/04/2012,118.71
20/04/2012,118.76
19/04/2012,118
18/04/2012,117.97
17/04/2012,118.78
16/04/2012,118.68
13/04/2012,121.83
12/4/2012,121.71
11/4/2012,120.18
10/4/2012,119.88
9/4/2012,122.67
5/4/2012,123.43
4/4/2012,122.34
3/4/2012,124.86
2/4/2012,125.43
30/03/2012,122.88
29/03/2012,122.39
28/03/2012,124.16
27/03/2012,125.54
26/03/2012,125.65
23/03/2012,125.13
22/03/2012,123.14
21/03/2012,124.2
20/03/2012,124.12
19/03/2012,125.99
16/03/2012,125.81
15/03/2012,123.55
14/03/2012,124.97
13/03/2012,126.22
12/3/2012,125.34
9/3/2012,125.98
8/3/2012,125.44
7/3/2012,124.12
6/3/2012,121.98
5/3/2012,123.8
2/3/2012,123.65
1/3/2012,126.2
29/02/2012,122.66
28/02/2012,121.55
27/02/2012,124.17
24/02/2012,125.47
23/02/2012,123.62
22/02/2012,122.9
21/02/2012,121.66
20/02/2012,120.05
17/02/2012,119.58
16/02/2012,120.11
15/02/2012,118.93
14/02/2012,118.16
13/02/2012,117.93
10/2/2012,117.31
9/2/2012,118.59
8/2/2012,117.2
7/2/2012,116.23
6/2/2012,115.93
3/2/2012,114.58
2/2/2012,112.07
1/2/2012,111.56
31/01/2012,110.98
30/01/2012,110.75
27/01/2012,111.46
26/01/2012,110.79
25/01/2012,109.81
24/01/2012,110.03
23/01/2012,110.58
20/01/2012,109.86
19/01/2012,111.55
18/01/2012,110.66
17/01/2012,111.53
16/01/2012,111.34
13/01/2012,110.44
12/1/2012,111.26
11/1/2012,112.24
10/1/2012,113.28
9/1/2012,112.45
6/1/2012,113.06
5/1/2012,112.74
4/1/2012,113.7
3/1/2012,112.13
30/12/2011,107.38
29/12/2011,108.01
28/12/2011,107.56
27/12/2011,109.27
23/12/2011,107.96
22/12/2011,107.89
21/12/2011,107.71
20/12/2011,106.73
19/12/2011,103.64
16/12/2011,103.35
15/12/2011,103.6
14/12/2011,104.25
13/12/2011,109.5
12/12/2011,107.26
9/12/2011,108.62
8/12/2011,108.11
7/12/2011,109.53
6/12/2011,110.81
5/12/2011,109.81
2/12/2011,109.94
1/12/2011,108.99
30/11/2011,110.52
29/11/2011,110.82
28/11/2011,109
25/11/2011,106.4
24/11/2011,107.78
23/11/2011,107.02
22/11/2011,109.03
21/11/2011,106.88
18/11/2011,107.56
17/11/2011,108.22
16/11/2011,111.88
15/11/2011,112.18
14/11/2011,111.28
11/11/2011,114.16
10/11/2011,113.71
9/11/2011,112.31
8/11/2011,115
7/11/2011,114.56
4/11/2011,111.97
3/11/2011,110.83
2/11/2011,109.34
1/11/2011,109.54
31/10/2011,109.56
28/10/2011,109.91
27/10/2011,112.08
26/10/2011,108.91
25/10/2011,110.92
24/10/2011,111.45
21/10/2011,109.56
20/10/2011,109.76
19/10/2011,108.39
18/10/2011,111.15
17/10/2011,110.16
14/10/2011,112.23
13/10/2011,109.2
12/10/2011,111.36
11/10/2011,110.73
10/10/2011,108.95
7/10/2011,105.88
6/10/2011,105.73
5/10/2011,102.73
4/10/2011,99.79
3/10/2011,101.71
30/09/2011,102.76
29/09/2011,103.95
28/09/2011,103.81
27/09/2011,107.14
26/09/2011,103.94
23/09/2011,103.97
22/09/2011,105.49
21/09/2011,110.36
20/09/2011,110.54
19/09/2011,109.14
16/09/2011,112.22
15/09/2011,112.3
14/09/2011,109.65
13/09/2011,111.89
12/9/2011,112.25
9/9/2011,112.77
8/9/2011,114.55
7/9/2011,115.8
6/9/2011,112.89
5/9/2011,110.08
2/9/2011,112.33
1/9/2011,114.29
31/08/2011,114.85
30/08/2011,114.02
29/08/2011,111.88
26/08/2011,111.36
25/08/2011,110.62
24/08/2011,110.15
23/08/2011,109.31
22/08/2011,108.36
19/08/2011,108.62
18/08/2011,106.99
17/08/2011,110.6
16/08/2011,109.13
15/08/2011,109.84
12/8/2011,108.03
11/8/2011,108.02
10/8/2011,106.68
9/8/2011,102.57
8/8/2011,103.74
5/8/2011,109.37
4/8/2011,107.25
3/8/2011,113.23
2/8/2011,116.46
1/8/2011,116.81
29/07/2011,116.74
28/07/2011,117.36
27/07/2011,117.43
26/07/2011,118.28
25/07/2011,117.94
22/07/2011,118.67
21/07/2011,117.51
20/07/2011,118.15
19/07/2011,117.06
18/07/2011,116.05
15/07/2011,117.26
14/07/2011,116.26
13/07/2011,117.85
12/7/2011,117.75
11/7/2011,117.24
8/7/2011,118.33
7/7/2011,118.59
6/7/2011,113.62
5/7/2011,113.61
4/7/2011,111.39
1/7/2011,111.77
30/06/2011,112.48
29/06/2011,112.4
28/06/2011,108.78
27/06/2011,105.99
24/06/2011,105.12
23/06/2011,107.26
22/06/2011,114.21
21/06/2011,110.95
20/06/2011,111.69
17/06/2011,113.21
16/06/2011,114.02
15/06/2011,113.01
14/06/2011,119.35
13/06/2011,119.1
10/6/2011,118.78
9/6/2011,119.57
8/6/2011,117.85
7/6/2011,116.78
6/6/2011,114.48
3/6/2011,115.84
2/6/2011,115.54
1/6/2011,114.53
31/05/2011,116.73
30/05/2011,114.68
27/05/2011,115.03
26/05/2011,115.05
25/05/2011,114.93
24/05/2011,112.53
23/05/2011,110.1
20/05/2011,112.39
19/05/2011,111.42
18/05/2011,112.3
17/05/2011,109.99
16/05/2011,110.84
13/05/2011,113.83
12/5/2011,112.98
11/5/2011,112.57
10/5/2011,117.63
9/5/2011,115.9
6/5/2011,109.13
5/5/2011,110.8
4/5/2011,121.19
3/5/2011,122.45
2/5/2011,125.12
29/04/2011,125.89
28/04/2011,125.02
27/04/2011,125.13
26/04/2011,124.14
25/04/2011,123.66
21/04/2011,123.99
20/04/2011,123.85
19/04/2011,121.33
18/04/2011,121.61
15/04/2011,123.45
14/04/2011,122
13/04/2011,122.33
12/4/2011,120.92
11/4/2011,123.98
8/4/2011,126.65
7/4/2011,122.67
6/4/2011,122.3
5/4/2011,122.22
4/4/2011,121.06
1/4/2011,118.7
31/03/2011,117.36
30/03/2011,115.13
29/03/2011,115.16
28/03/2011,114.8
25/03/2011,115.59
24/03/2011,115.72
23/03/2011,115.55
22/03/2011,115.7
21/03/2011,114.96
18/03/2011,113.93
17/03/2011,114.9
16/03/2011,110.6
15/03/2011,108.59
14/03/2011,113.67
11/3/2011,113.84
10/3/2011,115.43
9/3/2011,115.94
8/3/2011,113.06
7/3/2011,115.04
4/3/2011,115.97
3/3/2011,114.79
2/3/2011,116.35
1/3/2011,115.42
28/02/2011,111.8
25/02/2011,112.14
24/02/2011,111.36
23/02/2011,111.25
22/02/2011,105.78
21/02/2011,105.74
18/02/2011,102.52
17/02/2011,102.59
16/02/2011,103.78
15/02/2011,101.64
14/02/2011,103.08
11/2/2011,100.94
10/2/2011,101.44
9/2/2011,101.82
8/2/2011,99.92
7/2/2011,99.25
4/2/2011,99.83
3/2/2011,101.76
2/2/2011,102.34
1/2/2011,101.74
31/01/2011,101.01
28/01/2011,99.42
27/01/2011,97.39
26/01/2011,97.91
25/01/2011,95.25
24/01/2011,96.61
21/01/2011,97.6
20/01/2011,96.58
19/01/2011,98.16
18/01/2011,97.8
17/01/2011,97.43
14/01/2011,98.38
13/01/2011,97.29
12/1/2011,98.12
11/1/2011,97.61
10/1/2011,95.7
7/1/2011,93.33
6/1/2011,94.52
5/1/2011,95.5
4/1/2011,93.53
3/1/2011,94.84
31/12/2010,94.75
30/12/2010,93.09
29/12/2010,94.14
28/12/2010,94.38
27/12/2010,93.85
24/12/2010,93.77
23/12/2010,94.25
22/12/2010,93.65
21/12/2010,93.2
20/12/2010,92.74
17/12/2010,91.67
16/12/2010,91.6
15/12/2010,92.15
14/12/2010,91.21
13/12/2010,91.19
10/12/2010,90.48
9/12/2010,90.99
8/12/2010,90.77
7/12/2010,91.39
6/12/2010,91.45
3/12/2010,91.42
2/12/2010,90.69
1/12/2010,88.87
30/11/2010,85.92
29/11/2010,87.34
26/11/2010,85.58
25/11/2010,86.1
24/11/2010,85.84
23/11/2010,83.25
22/11/2010,83.96
19/11/2010,84.34
18/11/2010,85.05
17/11/2010,83.28
16/11/2010,84.73
15/11/2010,86.76
12/11/2010,86.34
11/11/2010,88.81
10/11/2010,88.96
9/11/2010,88.33
8/11/2010,88.46
5/11/2010,88.11
4/11/2010,88
3/11/2010,86.38
2/11/2010,85.41
1/11/2010,84.62
29/10/2010,83.15
28/10/2010,83.59
27/10/2010,83.23
26/10/2010,83.66
25/10/2010,83.54
22/10/2010,82.96
21/10/2010,81.83
20/10/2010,83.6
19/10/2010,81.1
18/10/2010,84.37
15/10/2010,82.45
14/10/2010,84.2
13/10/2010,84.85
12/10/2010,83.5
11/10/2010,83.72
8/10/2010,84.03
7/10/2010,83.43
6/10/2010,85.06
5/10/2010,84.84
4/10/2010,83.28
1/10/2010,83.75
30/09/2010,82.31
29/09/2010,80.77
28/09/2010,78.71
27/09/2010,78.57
24/09/2010,78.87
23/09/2010,78.11
22/09/2010,77.95
21/09/2010,78.42
20/09/2010,79.32
17/09/2010,78.21
16/09/2010,78.48
15/09/2010,79.42
14/09/2010,79.27
13/09/2010,79.03
10/9/2010,78.16
9/9/2010,77.47
8/9/2010,78.17
7/9/2010,77.74
6/9/2010,76.87
3/9/2010,76.67
2/9/2010,76.93
1/9/2010,76.35
31/08/2010,74.64
30/08/2010,76.6
27/08/2010,76.65
26/08/2010,75.02
25/08/2010,73.48
24/08/2010,72.38
23/08/2010,73.62
20/08/2010,74.26
19/08/2010,75.3
18/08/2010,76.47
17/08/2010,76.93
16/08/2010,74.85
13/08/2010,75.11
12/8/2010,75.52
11/8/2010,77.64
10/8/2010,79.6
9/8/2010,80.99
6/8/2010,80.16
5/8/2010,81.61
4/8/2010,82.2
3/8/2010,82.68
2/8/2010,80.82
30/07/2010,78.18
29/07/2010,77.59
28/07/2010,76.06
27/07/2010,76.13
26/07/2010,77.5
23/07/2010,77.45
22/07/2010,77.82
21/07/2010,75.37
20/07/2010,76.22
19/07/2010,75.62
16/07/2010,75.37
15/07/2010,76.19
14/07/2010,76.77
13/07/2010,76.65
12/7/2010,74.37
9/7/2010,75.42
8/7/2010,74.71
7/7/2010,73.51
6/7/2010,71.45
5/7/2010,71.47
2/7/2010,71.65
1/7/2010,72.34
30/06/2010,75.01
29/06/2010,75.44
28/06/2010,77.59
25/06/2010,78.12
24/06/2010,76.47
23/06/2010,76.27
22/06/2010,78.04
21/06/2010,78.82
18/06/2010,78.22
17/06/2010,78.68
16/06/2010,78.14
15/06/2010,76.2
14/06/2010,75.2
11/6/2010,74.35
10/6/2010,75.29
9/6/2010,74.27
8/6/2010,72.3
7/6/2010,72.12
4/6/2010,72.09
3/6/2010,75.41
2/6/2010,73.75
1/6/2010,72.71
31/05/2010,74.65
28/05/2010,74.02
27/05/2010,74.66
26/05/2010,71.74
25/05/2010,69.55
24/05/2010,71.17
21/05/2010,71.68
20/05/2010,71.84
19/05/2010,73.69
18/05/2010,74.43
17/05/2010,75.1
14/05/2010,77.18
13/05/2010,80.11
12/5/2010,81.2
11/5/2010,80.49
10/5/2010,80.12
7/5/2010,78.27
6/5/2010,79.83
5/5/2010,82.61
4/5/2010,85.67
3/5/2010,88.94
30/04/2010,87.44
29/04/2010,86.9
28/04/2010,86.16
27/04/2010,85.78
26/04/2010,86.83
23/04/2010,87.25
22/04/2010,85.67
21/04/2010,85.7
20/04/2010,84.8
19/04/2010,84.23
16/04/2010,85.99
15/04/2010,87.17
14/04/2010,86.15
13/04/2010,84.72
12/4/2010,84.77
9/4/2010,84.83
8/4/2010,84.81
7/4/2010,85.59
6/4/2010,86.15
5/4/2010,85.88
1/4/2010,84.01
31/03/2010,82.7
30/03/2010,81.28
29/03/2010,81.17
26/03/2010,79.29
25/03/2010,79.61
24/03/2010,79.62
23/03/2010,80.7
22/03/2010,80.54
19/03/2010,79.88
18/03/2010,81.48
17/03/2010,81.96
16/03/2010,79.02
15/03/2010,77.89
12/3/2010,79.39
11/3/2010,80.28
10/3/2010,80.48
9/3/2010,79.91
8/3/2010,80.47
5/3/2010,79.89
4/3/2010,78.54
3/3/2010,79.25
2/3/2010,78.18
1/3/2010,76.89
26/02/2010,77.59
25/02/2010,76.29
24/02/2010,78.09
23/02/2010,77.25
22/02/2010,78.61
19/02/2010,78.19
18/02/2010,77.78
17/02/2010,76.27
16/02/2010,75.68
15/02/2010,72.51
12/2/2010,72.9
11/2/2010,73.05
10/2/2010,72.54
9/2/2010,72.13
8/2/2010,70.11
5/2/2010,69.59
4/2/2010,72.13
3/2/2010,75.92
2/2/2010,76.06
1/2/2010,73.11
29/01/2010,71.46
28/01/2010,72.13
27/01/2010,72.24
26/01/2010,73.29
25/01/2010,73.69
22/01/2010,72.83
21/01/2010,74.58
20/01/2010,76.32
19/01/2010,77.63
18/01/2010,77.1
15/01/2010,77.11
14/01/2010,77.82
13/01/2010,78.31
12/1/2010,79.3
11/1/2010,80.97
8/1/2010,81.37
7/1/2010,81.51
6/1/2010,81.89
5/1/2010,80.59
4/1/2010,80.12
31/12/2009,77.93
30/12/2009,78.03
29/12/2009,77.64
28/12/2009,77.32
24/12/2009,76.31
23/12/2009,75.45
22/12/2009,73.46
21/12/2009,72.99
18/12/2009,73.75
17/12/2009,73.37
16/12/2009,73.55
15/12/2009,72.05
14/12/2009,71.89
11/12/2009,71.88
10/12/2009,71.86
9/12/2009,72.39
8/12/2009,75.19
7/12/2009,76.43
4/12/2009,77.52
3/12/2009,78.36
2/12/2009,77.88
1/12/2009,79.35
30/11/2009,78.47
27/11/2009,77.18
26/11/2009,76.99
25/11/2009,78.44
24/11/2009,76.46
23/11/2009,77.46
20/11/2009,77.2
19/11/2009,77.64
18/11/2009,79.47
17/11/2009,78.97
16/11/2009,78.76
13/11/2009,75.55
12/11/2009,76.02
11/11/2009,77.95
10/11/2009,77.5
9/11/2009,77.77
6/11/2009,75.87
5/11/2009,77.99
4/11/2009,78.89
3/11/2009,78.11
2/11/2009,76.55
30/10/2009,75.2
29/10/2009,78.04
28/10/2009,75.86
27/10/2009,77.92
26/10/2009,77.26
23/10/2009,78.92
22/10/2009,79.51
21/10/2009,79.69
20/10/2009,77.24
19/10/2009,77.77
16/10/2009,76.99
15/10/2009,74.45
14/10/2009,73.1
13/10/2009,72.4
12/10/2009,71.36
9/10/2009,70
8/10/2009,69.77
7/10/2009,67.2
6/10/2009,68.56
5/10/2009,68.04
2/10/2009,68.07
1/10/2009,69.19
30/09/2009,69.07
29/09/2009,65.49
28/09/2009,65.54
25/09/2009,65.11
24/09/2009,64.82
23/09/2009,67.99
22/09/2009,70.53
21/09/2009,68.69
18/09/2009,71.32
17/09/2009,71.55
16/09/2009,71.67
15/09/2009,67.35
14/09/2009,67.44
11/9/2009,67.69
10/9/2009,69.86
9/9/2009,69.83
8/9/2009,69.42
7/9/2009,66.53
4/9/2009,66.82
3/9/2009,67.12
2/9/2009,67.66
1/9/2009,67.73
31/08/2009,69.65
28/08/2009,72.79
27/08/2009,72.51
26/08/2009,71.65
25/08/2009,71.82
24/08/2009,74.26
21/08/2009,74.19
20/08/2009,73.33
19/08/2009,74.59
18/08/2009,72.37
17/08/2009,70.54
14/08/2009,72.41
13/08/2009,73.48
12/8/2009,72.89
11/8/2009,72.46
10/8/2009,73.5
7/8/2009,73.59
6/8/2009,74.83
5/8/2009,75.51
4/8/2009,74.28
3/8/2009,73.55
31/07/2009,71.7
30/07/2009,70.11
29/07/2009,66.53
28/07/2009,69.88
27/07/2009,70.81
24/07/2009,70.32
23/07/2009,69.25
22/07/2009,67.21
21/07/2009,66.87
20/07/2009,66.44
17/07/2009,65.38
16/07/2009,62.75
15/07/2009,63.09
14/07/2009,60.86
13/07/2009,60.69
10/7/2009,60.52
9/7/2009,61.1
8/7/2009,60.43
7/7/2009,63.23
6/7/2009,64.05
3/7/2009,65.61
2/7/2009,66.65
1/7/2009,68.79
30/06/2009,69.3
29/06/2009,70.99
26/06/2009,68.92
25/06/2009,69.78
24/06/2009,68.33
23/06/2009,68.8
22/06/2009,66.98
19/06/2009,69.19
18/06/2009,71.06
17/06/2009,70.85
16/06/2009,70.24
15/06/2009,69.44
12/6/2009,70.92
11/6/2009,71.79
10/6/2009,70.8
9/6/2009,69.62
8/6/2009,67.88
5/6/2009,68.34
4/6/2009,68.71
3/6/2009,65.88
2/6/2009,68.17
1/6/2009,67.97
29/05/2009,65.52
28/05/2009,64.39
27/05/2009,62.5
26/05/2009,61.24
25/05/2009,60.21
22/05/2009,60.78
21/05/2009,59.93
20/05/2009,60.59
19/05/2009,58.92
18/05/2009,58.47
15/05/2009,55.98
14/05/2009,56.69
13/05/2009,57.34
12/5/2009,57.94
11/5/2009,57.48
8/5/2009,58.14
7/5/2009,56.47
6/5/2009,56.15
5/5/2009,54.12
4/5/2009,54.58
1/5/2009,52.85
30/04/2009,50.8
29/04/2009,50.78
28/04/2009,49.99
27/04/2009,50.32
24/04/2009,51.67
23/04/2009,50.11
22/04/2009,49.81
21/04/2009,49.82
20/04/2009,49.86
17/04/2009,53.35
16/04/2009,53.06
15/04/2009,51.79
14/04/2009,51.96
13/04/2009,52.14
9/4/2009,54.06
8/4/2009,51.59
7/4/2009,51.22
6/4/2009,52.24
3/4/2009,53.47
2/4/2009,52.75
1/4/2009,48.44
31/03/2009,49.23
30/03/2009,47.99
27/03/2009,51.98
26/03/2009,53.46
25/03/2009,51.75
24/03/2009,53.5
23/03/2009,53.47
20/03/2009,51.22
19/03/2009,50.67
18/03/2009,47.66
17/03/2009,48.24
16/03/2009,43.98
13/03/2009,44.93
12/3/2009,45.09
11/3/2009,41.4
10/3/2009,43.96
9/3/2009,44.13
6/3/2009,44.85
5/3/2009,43.64
4/3/2009,46.12
3/3/2009,43.7
2/3/2009,42.21
27/02/2009,46.35
26/02/2009,46.51
25/02/2009,44.29
24/02/2009,42.5
23/02/2009,40.99
20/02/2009,41.89
19/02/2009,41.99
18/02/2009,39.55
17/02/2009,41.03
16/02/2009,43.28
13/02/2009,44.81
12/2/2009,44.65
11/2/2009,44.28
10/2/2009,44.61
9/2/2009,46.02
6/2/2009,46.21
5/2/2009,46.46
4/2/2009,44.15
3/2/2009,44.08
2/2/2009,43.82
30/01/2009,45.88
29/01/2009,45.4
28/01/2009,44.9
27/01/2009,43.73
26/01/2009,46.96
23/01/2009,48.37
22/01/2009,45.39
21/01/2009,45.02
20/01/2009,43.62
19/01/2009,44.5
16/01/2009,46.57
15/01/2009,44.69
14/01/2009,45.08
13/01/2009,44.83
12/1/2009,42.91
9/1/2009,44.42
8/1/2009,44.67
7/1/2009,45.86
6/1/2009,50.53
5/1/2009,49.62
2/1/2009,46.91
31/12/2008,45.59
30/12/2008,40.15
29/12/2008,40.55
26/12/2008,38.37
24/12/2008,36.61
23/12/2008,40.36
22/12/2008,41.45
19/12/2008,44
18/12/2008,43.36
17/12/2008,45.53
16/12/2008,44.56
15/12/2008,44.6
12/12/2008,46.41
11/12/2008,47.39
10/12/2008,42.4
9/12/2008,41.53
8/12/2008,43.42
5/12/2008,39.74
4/12/2008,42.28
3/12/2008,45.44
2/12/2008,45.44
1/12/2008,47.97
28/11/2008,53.49
27/11/2008,53.13
26/11/2008,53.92
25/11/2008,50.35
24/11/2008,53.93
21/11/2008,49.19
20/11/2008,48.08
19/11/2008,51.72
18/11/2008,51.84
17/11/2008,52.31
14/11/2008,54.24
13/11/2008,51.99
12/11/2008,52.37
11/11/2008,55.71
10/11/2008,59.08
7/11/2008,57.35
6/11/2008,57.43
5/11/2008,61.87
4/11/2008,66.44
3/11/2008,60.48
31/10/2008,65.32
30/10/2008,63.71
29/10/2008,65.47
28/10/2008,60.29
27/10/2008,61.41
24/10/2008,62.05
23/10/2008,65.92
22/10/2008,64.52
21/10/2008,69.72
20/10/2008,72.03
17/10/2008,69.6
16/10/2008,66.32
15/10/2008,70.8
14/10/2008,74.53
13/10/2008,77.46
10/10/2008,74.09
9/10/2008,82.66
8/10/2008,84.36
7/10/2008,84.66
6/10/2008,83.68
3/10/2008,90.25
2/10/2008,90.56
1/10/2008,95.33
30/09/2008,98.17
29/09/2008,93.98
26/09/2008,103.54
25/09/2008,104.6
24/09/2008,102.45
23/09/2008,103.08
22/09/2008,106.04
19/09/2008,99.61
18/09/2008,95.19
17/09/2008,94.84
16/09/2008,89.22
15/09/2008,92.38
12/9/2008,97.58
11/9/2008,97.64
10/9/2008,98.97
9/9/2008,100.34
8/9/2008,103.44
5/9/2008,104.09
4/9/2008,106.3
3/9/2008,108.06
2/9/2008,108.34
1/9/2008,109.41
29/08/2008,114.05
28/08/2008,114.17
27/08/2008,116.22
26/08/2008,114.63
25/08/2008,114.03
22/08/2008,113.92
21/08/2008,120.16
20/08/2008,114.36
19/08/2008,113.25
18/08/2008,111.94
15/08/2008,112.55
14/08/2008,112.64
13/08/2008,113.47
12/8/2008,111.15
11/8/2008,112.67
8/8/2008,113.33
7/8/2008,117.86
6/8/2008,117
5/8/2008,117.7
4/8/2008,120.68
1/8/2008,124.18
31/07/2008,123.98
30/07/2008,127.1
29/07/2008,122.71
28/07/2008,125.84
25/07/2008,124.52
24/07/2008,126.44
23/07/2008,125.29
22/07/2008,129.55
21/07/2008,132.61
18/07/2008,130.19
17/07/2008,131.07
16/07/2008,136.19
15/07/2008,138.75
14/07/2008,143.92
11/7/2008,144.49
10/7/2008,142.03
9/7/2008,136.58
8/7/2008,136.43
7/7/2008,141.87
4/7/2008,145.25
3/7/2008,146.08
2/7/2008,144.26
1/7/2008,140.67
30/06/2008,139.83
27/06/2008,140.31
26/06/2008,139.83
25/06/2008,134.33
24/06/2008,136.46
23/06/2008,135.91
20/06/2008,134.86
19/06/2008,132
18/06/2008,136.44
16/06/2008,133.72
15/06/2008,134.71
13/06/2008,134.25
12/6/2008,136.09
11/6/2008,135.02
10/6/2008,131.02
9/6/2008,133.91
6/6/2008,137.69
5/6/2008,127.54
4/6/2008,122.1
3/6/2008,124.58
2/6/2008,128.02
30/05/2008,127.78
29/05/2008,126.89
28/05/2008,130.93
27/05/2008,128.31
26/05/2008,132.37
23/05/2008,131.57
22/05/2008,130.51
21/05/2008,132.7
20/05/2008,127.84
19/05/2008,125.06
16/05/2008,124.99
15/05/2008,121.25
14/05/2008,121.86
13/05/2008,124.1
12/5/2008,122.91
9/5/2008,125.4
8/5/2008,122.84
7/5/2008,122.32
6/5/2008,120.31
5/5/2008,117.99
2/5/2008,114.56
1/5/2008,110.5
30/04/2008,111.36
29/04/2008,113.43
28/04/2008,116.74
25/04/2008,116.34
24/04/2008,114.34
23/04/2008,116.46
22/04/2008,115.95
21/04/2008,114.43
18/04/2008,113.92
17/04/2008,112.43
16/04/2008,112.66
15/04/2008,111.31
14/04/2008,109.84
11/4/2008,108.75
10/4/2008,108.2
9/4/2008,108.47
8/4/2008,106.34
7/4/2008,107.14
4/4/2008,104.9
3/4/2008,102.52
2/4/2008,103.75
1/4/2008,100.17
31/03/2008,100.3
28/03/2008,103.77
27/03/2008,105
26/03/2008,103.99
25/03/2008,100.6
24/03/2008,99.86
20/03/2008,100.38
19/03/2008,100.72
18/03/2008,105.56
17/03/2008,101.75
14/03/2008,107.55
13/03/2008,107.54
12/3/2008,106.27
11/3/2008,105.25
10/3/2008,104.16
7/3/2008,102.38
6/3/2008,102.61
5/3/2008,101.64
4/3/2008,97.52
3/3/2008,100.48
29/02/2008,100.1
28/02/2008,100.9
27/02/2008,98.27
26/02/2008,99.47
25/02/2008,97.69
22/02/2008,97.01
21/02/2008,96.24
20/02/2008,98.42
19/02/2008,98.56
18/02/2008,94.91
15/02/2008,94.63
14/02/2008,95.09
13/02/2008,93.32
12/2/2008,92.86
11/2/2008,93.53
8/2/2008,91.94
7/2/2008,88.51
6/2/2008,87.78
5/2/2008,88.82
4/2/2008,90.47
1/2/2008,89.44
31/01/2008,92.21
30/01/2008,92.53
29/01/2008,92
28/01/2008,91.38
25/01/2008,90.9
24/01/2008,89.07
23/01/2008,86.62
22/01/2008,88.45
21/01/2008,87.51
18/01/2008,89.23
17/01/2008,88.75
16/01/2008,89.75
15/01/2008,90.98
14/01/2008,92.92
11/1/2008,91.07
10/1/2008,92.22
9/1/2008,94.37
8/1/2008,95.54
7/1/2008,94.39
4/1/2008,96.79
3/1/2008,97.6
2/1/2008,97.84
31/12/2007,93.85
28/12/2007,93.88
27/12/2007,94.78
26/12/2007,93.94
24/12/2007,92.7
21/12/2007,92.46
20/12/2007,90.88
19/12/2007,91.48
18/12/2007,90.12
17/12/2007,91.29
14/12/2007,92.67
13/12/2007,92.12
12/12/2007,94.02
11/12/2007,89.99
10/12/2007,88.04
7/12/2007,88.64
6/12/2007,90.18
5/12/2007,88.49
4/12/2007,89.53
3/12/2007,89.8
30/11/2007,88.26
29/11/2007,90.22
28/11/2007,89.81
27/11/2007,92.52
26/11/2007,95.32
23/11/2007,95.76
22/11/2007,94.5
21/11/2007,94.84
20/11/2007,95.49
19/11/2007,92.28
16/11/2007,91.62
15/11/2007,90.94
14/11/2007,91.36
13/11/2007,88.83
12/11/2007,91.98
9/11/2007,93.18
8/11/2007,92.79
7/11/2007,93.24
6/11/2007,93.26
5/11/2007,90.49
2/11/2007,92.08
1/11/2007,89.72
31/10/2007,90.63
30/10/2007,87.44
29/10/2007,90.32
26/10/2007,88.69
25/10/2007,87.48
24/10/2007,84.37
23/10/2007,82.85
22/10/2007,83.27
19/10/2007,83.79
18/10/2007,84.6
17/10/2007,83.13
16/10/2007,83.55
15/10/2007,82.75
12/10/2007,80.55
11/10/2007,80.15
10/10/2007,78.6
9/10/2007,77.49
8/10/2007,76.58
5/10/2007,78.9
4/10/2007,78.97
3/10/2007,77.19
2/10/2007,77.38
1/10/2007,77.64
28/09/2007,79.17
27/09/2007,80.03
26/09/2007,77.43
25/09/2007,77.62
24/09/2007,78.91
21/09/2007,79.3
20/09/2007,79.09
19/09/2007,78.47
18/09/2007,77.59
17/09/2007,76.98
14/09/2007,76.22
13/09/2007,77.12
12/9/2007,77.68
11/9/2007,76.38
10/9/2007,75.48
7/9/2007,75.07
6/9/2007,74.77
5/9/2007,74.34
4/9/2007,73.92
3/9/2007,73.41
31/08/2007,72.69
30/08/2007,71.9
29/08/2007,72.13
28/08/2007,70.55
27/08/2007,70.95
24/08/2007,70.62
23/08/2007,69.86
22/08/2007,68.7
21/08/2007,68.69
20/08/2007,69.85
17/08/2007,70.44
16/08/2007,69.77
15/08/2007,71.64
14/08/2007,70.51
13/08/2007,70.23
10/8/2007,70.39
9/8/2007,70.21
8/8/2007,70.99
7/8/2007,71.8
6/8/2007,71.17
3/8/2007,74.75
2/8/2007,75.76
1/8/2007,75.35
31/07/2007,77.05
30/07/2007,75.74
27/07/2007,76.26
26/07/2007,75.18
25/07/2007,76.32
24/07/2007,75.08
23/07/2007,76.86
20/07/2007,77.64
19/07/2007,77.67
18/07/2007,76.76
17/07/2007,75.53
16/07/2007,76.29
13/07/2007,77.57
12/7/2007,76.4
11/7/2007,75.44
10/7/2007,76.4
9/7/2007,75.78
6/7/2007,75.62
5/7/2007,74.75
4/7/2007,73.05
3/7/2007,72.93
2/7/2007,72.63
29/06/2007,71.41
28/06/2007,70.52
27/06/2007,70.53
26/06/2007,70.17
25/06/2007,71.36
22/06/2007,71.18
21/06/2007,70.22
20/06/2007,70.42
19/06/2007,71.84
18/06/2007,72.18
15/06/2007,71.47
14/06/2007,71.36
13/06/2007,69.94
12/6/2007,68.79
11/6/2007,69.56
8/6/2007,68.6
7/6/2007,71.22
6/6/2007,71.02
5/6/2007,70.45
4/6/2007,70.4
1/6/2007,69.07
31/05/2007,68.04
30/05/2007,67.84
29/05/2007,68.13
28/05/2007,69.71
25/05/2007,70.69
24/05/2007,70.72
23/05/2007,70.6
22/05/2007,69.52
21/05/2007,70.49
18/05/2007,69.42
17/05/2007,70.27
16/05/2007,68.01
15/05/2007,68.11
14/05/2007,66.83
11/5/2007,66.83
10/5/2007,65.79
9/5/2007,65.2
8/5/2007,65.54
7/5/2007,64.44
4/5/2007,65.31
3/5/2007,66.05
2/5/2007,66.25
1/5/2007,66.98
30/04/2007,67.65
27/04/2007,68.41
26/04/2007,67.65
25/04/2007,68.57
24/04/2007,67.16
23/04/2007,68.15
20/04/2007,66.49
19/04/2007,65.94
18/04/2007,66.04
17/04/2007,65.93
16/04/2007,67.25
13/04/2007,68.97
12/4/2007,68.72
11/4/2007,67.84
10/4/2007,67.42
9/4/2007,66.59
5/4/2007,68.24
4/4/2007,68.4
3/4/2007,67.81
2/4/2007,68.74
30/03/2007,68.1
29/03/2007,67.88
28/03/2007,65.78
27/03/2007,64.6
26/03/2007,64.41
23/03/2007,63.18
22/03/2007,62.51
21/03/2007,60.77
20/03/2007,60.2
19/03/2007,60.52
16/03/2007,60.3
15/03/2007,60.98
14/03/2007,61.06
13/03/2007,60.9
12/3/2007,60.74
9/3/2007,61.13
8/3/2007,62.33
7/3/2007,62.5
6/3/2007,61.39
5/3/2007,60.54
2/3/2007,62.08
1/3/2007,62.11
28/02/2007,61.89
27/02/2007,61.36
26/02/2007,61.33
23/02/2007,60.88
22/02/2007,60.62
21/02/2007,59.35
20/02/2007,57.98
19/02/2007,58.14
16/02/2007,58.95
15/02/2007,57.6
14/02/2007,57.43
13/02/2007,58.78
12/2/2007,56.6
9/2/2007,59.01
8/2/2007,59.03
7/2/2007,57.23
6/2/2007,58.42
5/2/2007,58.1
2/2/2007,58.41
1/2/2007,56.72
31/01/2007,57.4
30/01/2007,56.39
29/01/2007,53.68
26/01/2007,55.29
25/01/2007,54.12
24/01/2007,55.43
23/01/2007,55.1
22/01/2007,52.7
19/01/2007,53.44
18/01/2007,51.75
17/01/2007,52.78
16/01/2007,51.62
15/01/2007,53.12
12/1/2007,52.95
11/1/2007,51.7
10/1/2007,53.69
9/1/2007,55.6
8/1/2007,55.6
5/1/2007,55.64
4/1/2007,55.11
3/1/2007,57.96
2/1/2007,60.44
29/12/2006,60.86
28/12/2006,60.67
27/12/2006,60.52
26/12/2006,61.1
22/12/2006,62.42
21/12/2006,62.46
20/12/2006,63.23
19/12/2006,62.81
18/12/2006,62.13
15/12/2006,63.49
14/12/2006,62.89
13/12/2006,61.33
12/12/2006,61.52
11/12/2006,61.84
8/12/2006,62.2
7/12/2006,62.57
6/12/2006,63.32
5/12/2006,63.45
4/12/2006,64.62
1/12/2006,64.26
30/11/2006,64.26
29/11/2006,63.07
28/11/2006,61.21
27/11/2006,60.44
24/11/2006,60.03
23/11/2006,59.35
22/11/2006,59.49
21/11/2006,60.39
20/11/2006,58.98
17/11/2006,60.21
16/11/2006,59.79
15/11/2006,61.2
14/11/2006,58.84
13/11/2006,59.05
10/11/2006,59.71
9/11/2006,61.32
8/11/2006,59.59
7/11/2006,58.48
6/11/2006,59.75
3/11/2006,59.15
2/11/2006,57.87
1/11/2006,58.98
31/10/2006,59.03
30/10/2006,58.68
27/10/2006,61.08
26/10/2006,60.77
25/10/2006,62.05
24/10/2006,59.86
23/10/2006,59.21
20/10/2006,59.68
19/10/2006,60.87
18/10/2006,59.58
17/10/2006,60.94
16/10/2006,61.66
13/10/2006,58.64
12/10/2006,59.2
11/10/2006,59.89
10/10/2006,60.72
9/10/2006,59.28
6/10/2006,60.13
5/10/2006,58.77
4/10/2006,59.25
3/10/2006,61.72
2/10/2006,62.06
29/09/2006,62.57
28/09/2006,60.9
27/09/2006,60.43
26/09/2006,59.86
25/09/2006,61.34
22/09/2006,60.95
21/09/2006,61.21
20/09/2006,63.87
19/09/2006,63.6
18/09/2006,63.21
15/09/2006,62.24
14/09/2006,63.18
13/09/2006,64.16
12/9/2006,64.49
11/9/2006,66.19
8/9/2006,66.89
7/9/2006,67.35
6/9/2006,68.09
5/9/2006,68.14
4/9/2006,70.03
1/9/2006,70.34
31/08/2006,70.03
30/08/2006,70.38
29/08/2006,71.26
28/08/2006,73.53
25/08/2006,72.26
24/08/2006,72.53
23/08/2006,73.53
22/08/2006,73.51
21/08/2006,72.37
18/08/2006,71.8
17/08/2006,73.19
16/08/2006,74.07
15/08/2006,74.5
14/08/2006,75.97
11/8/2006,76.34
10/8/2006,78.09
9/8/2006,78.15
8/8/2006,77.86
7/8/2006,76.82
4/8/2006,76.6
3/8/2006,76.91
2/8/2006,75.74
1/8/2006,74.36
31/07/2006,74.24
28/07/2006,75.07
27/07/2006,73.92
26/07/2006,74.45
25/07/2006,73.58
24/07/2006,74.11
21/07/2006,74.22
20/07/2006,73.99
19/07/2006,76.28
18/07/2006,76.86
17/07/2006,77.25
14/07/2006,75.96
13/07/2006,74.04
12/7/2006,73.57
11/7/2006,72.91
10/7/2006,74.44
7/7/2006,73.89
6/7/2006,73.31
5/7/2006,73.25
4/7/2006,73.89
3/7/2006,73.18
30/06/2006,72.44
29/06/2006,71.47
28/06/2006,71.39
27/06/2006,70.17
26/06/2006,69.99
23/06/2006,70
22/06/2006,68.41
21/06/2006,68.63
20/06/2006,68.17
19/06/2006,68.39
16/06/2006,67.48
15/06/2006,67.01
14/06/2006,67.53
13/06/2006,70.02
12/6/2006,69.85
9/6/2006,68.34
8/6/2006,69.88
7/6/2006,70.61
6/6/2006,71.92
5/6/2006,70.33
2/6/2006,69.92
1/6/2006,70.33
31/05/2006,71.5
30/05/2006,70.9
26/05/2006,69.96
25/05/2006,70.21
24/05/2006,70.54
23/05/2006,68.43
22/05/2006,69.31
19/05/2006,69.07
18/05/2006,69.97
17/05/2006,70.35
16/05/2006,70.43
15/05/2006,72.86
12/5/2006,73.36
11/5/2006,71.41
10/5/2006,70.93
9/5/2006,70.16
8/5/2006,71.09
5/5/2006,71.71
4/5/2006,74.19
3/5/2006,74.4
2/5/2006,73.13
1/5/2006,71.5
28/04/2006,71.4
27/04/2006,73.12
26/04/2006,73.48
25/04/2006,73.92
24/04/2006,73.45
21/04/2006,73.6
20/04/2006,72.92
19/04/2006,71.99
18/04/2006,71.22
17/04/2006,69.88
13/04/2006,69.59
12/4/2006,69.41
11/4/2006,68.36
10/4/2006,67.24
7/4/2006,67.91
6/4/2006,66.83
5/4/2006,66.37
4/4/2006,67.29
3/4/2006,66.43
31/03/2006,66.22
30/03/2006,65.16
29/03/2006,64.49
28/03/2006,63.35
27/03/2006,63.33
24/03/2006,62.44
23/03/2006,62.24
22/03/2006,61.62
21/03/2006,62.71
20/03/2006,63.97
17/03/2006,62.82
16/03/2006,63.63
15/03/2006,62.92
14/03/2006,61.49
13/03/2006,61.13
10/3/2006,60.79
9/3/2006,60.65
8/3/2006,62.01
7/3/2006,63.35
6/3/2006,64.27
3/3/2006,63.5
2/3/2006,62.41
1/3/2006,61.26
28/02/2006,61.58
27/02/2006,61.97
24/02/2006,60.91
23/02/2006,60.91
22/02/2006,61.53
21/02/2006,61.48
20/02/2006,59.92
17/02/2006,58.76
16/02/2006,59.46
15/02/2006,60.27
14/02/2006,59.55
13/02/2006,60.53
10/2/2006,61.37
9/2/2006,61.5
8/2/2006,62.46
7/2/2006,63.96
6/2/2006,63.18
3/2/2006,64.24
2/2/2006,65.85
1/2/2006,66.14
31/01/2006,66.15
30/01/2006,65.99
27/01/2006,64.71
26/01/2006,64.69
25/01/2006,65.64
24/01/2006,66.15
23/01/2006,66.11
20/01/2006,64.73
19/01/2006,65
18/01/2006,64.28
17/01/2006,62.92
16/01/2006,62.56
13/01/2006,63.02
12/1/2006,61.87
11/1/2006,62.18
10/1/2006,62.71
9/1/2006,62.24
6/1/2006,61.62
5/1/2006,61.05
4/1/2006,60.37
3/1/2006,58.16
30/12/2005,57.63
29/12/2005,56.95
28/12/2005,56.18
27/12/2005,56.45
23/12/2005,57.17
22/12/2005,56.43
21/12/2005,56.4
20/12/2005,56.9
19/12/2005,58.37
16/12/2005,59.89
15/12/2005,59.74
14/12/2005,59.54
13/12/2005,58.51
12/12/2005,58.55
9/12/2005,57.75
8/12/2005,57.65
7/12/2005,57.43
6/12/2005,57.82
5/12/2005,56.78
2/12/2005,55.23
1/12/2005,54.45
30/11/2005,54.68
29/11/2005,55.14
28/11/2005,55.18
25/11/2005,55.65
24/11/2005,56.08
23/11/2005,56.32
22/11/2005,55.56
21/11/2005,54.98
18/11/2005,55.92
17/11/2005,55.3
16/11/2005,54.13
15/11/2005,55.22
14/11/2005,54.97
11/11/2005,56.07
10/11/2005,57.4
9/11/2005,57.82
8/11/2005,58.37
7/11/2005,59.84
4/11/2005,59.31
3/11/2005,58.22
2/11/2005,58.12
1/11/2005,58.38
31/10/2005,59.37
28/10/2005,59.18
27/10/2005,59.77
26/10/2005,58.78
25/10/2005,57.77
24/10/2005,57.57
21/10/2005,58.09
20/10/2005,58.97
19/10/2005,59.53
18/10/2005,60.61
17/10/2005,59.34
14/10/2005,60.37
13/10/2005,60.36
12/10/2005,59.47
11/10/2005,58.78
10/10/2005,58.84
7/10/2005,58.77
6/10/2005,60.91
5/10/2005,61.49
4/10/2005,63.24
3/10/2005,63.37
30/09/2005,63.77
29/09/2005,63.27
28/09/2005,63.37
27/09/2005,62.58
26/09/2005,63.32
23/09/2005,65.32
22/09/2005,65.19
21/09/2005,64.38
20/09/2005,63.87
19/09/2005,61.85
16/09/2005,63.11
15/09/2005,62.44
14/09/2005,61.99
13/09/2005,62.17
12/9/2005,63.52
9/9/2005,63.19
8/9/2005,64.02
7/9/2005,65.26
6/9/2005,64.77
5/9/2005,66.91
2/9/2005,67.52
1/9/2005,67.34
31/08/2005,66.93
30/08/2005,66.06
26/08/2005,65.96
25/08/2005,65.27
24/08/2005,64.72
23/08/2005,64.64
22/08/2005,63.76
19/08/2005,62.48
18/08/2005,64.08
17/08/2005,65.32
16/08/2005,66.17
15/08/2005,66.08
12/8/2005,64.67
11/8/2005,63.09
10/8/2005,62.41
9/8/2005,62.01
8/8/2005,60.79
5/8/2005,60.43
4/8/2005,60.59
3/8/2005,60.13
2/8/2005,60.18
1/8/2005,59.34
29/07/2005,58.37
28/07/2005,58.1
27/07/2005,57.91
26/07/2005,57.38
25/07/2005,56.95
22/07/2005,56.01
21/07/2005,57.33
20/07/2005,57.11
19/07/2005,57.18
18/07/2005,57.48
15/07/2005,57.21
14/07/2005,58.79
13/07/2005,58.35
12/7/2005,57.13
11/7/2005,59.52
8/7/2005,58.84
7/7/2005,59
6/7/2005,58.19
5/7/2005,57.75
4/7/2005,56.87
1/7/2005,55.84
30/06/2005,56.52
29/06/2005,56.15
28/06/2005,57.18
27/06/2005,59.3
24/06/2005,58.36
23/06/2005,57.96
22/06/2005,56.58
21/06/2005,57.5
20/06/2005,58.32
17/06/2005,57.76
16/06/2005,56.22
15/06/2005,54.5
14/06/2005,53.73
13/06/2005,55.77
10/6/2005,52.67
9/6/2005,53.82
8/6/2005,52.11
7/6/2005,53.13
6/6/2005,53.67
3/6/2005,54.17
2/6/2005,52.4
1/6/2005,53.27
31/05/2005,50.73
27/05/2005,50.7
26/05/2005,50.16
25/05/2005,50.07
24/05/2005,48.82
23/05/2005,48.37
20/05/2005,48.03
19/05/2005,47.88
18/05/2005,48.15
17/05/2005,49.34
16/05/2005,48.05
13/05/2005,48.66
12/5/2005,48.34
11/5/2005,50.07
10/5/2005,51.43
9/5/2005,51.29
6/5/2005,50.77
5/5/2005,51.13
4/5/2005,50.97
3/5/2005,50.52
29/04/2005,51.09
28/04/2005,52.48
27/04/2005,52.29
26/04/2005,54.14
25/04/2005,54.4
22/04/2005,54.97
21/04/2005,54.01
20/04/2005,53.78
19/04/2005,52.94
18/04/2005,50.78
15/04/2005,51.61
14/04/2005,50.91
13/04/2005,50.48
12/4/2005,51.98
11/4/2005,53.21
8/4/2005,52.89
7/4/2005,54.04
6/4/2005,55.27
5/4/2005,55.44
4/4/2005,56.23
1/4/2005,56.51
31/03/2005,54.29
30/03/2005,52.09
29/03/2005,53.03
24/03/2005,53.93
23/03/2005,53.04
22/03/2005,54.59
21/03/2005,55.65
18/03/2005,55.59
17/03/2005,55.06
16/03/2005,54.88
15/03/2005,53.6
14/03/2005,53.66
11/3/2005,53.1
10/3/2005,52.66
9/3/2005,53.38
8/3/2005,52.84
7/3/2005,52.09
4/3/2005,51.8
3/3/2005,51.95
2/3/2005,51.22
1/3/2005,50.11
28/02/2005,50.06
25/02/2005,49.61
24/02/2005,49.44
23/02/2005,48.51
22/02/2005,48.62
21/02/2005,46.73
18/02/2005,46.34
17/02/2005,45.82
16/02/2005,46.15
15/02/2005,45.39
14/02/2005,45.53
11/2/2005,45.28
10/2/2005,45
9/2/2005,43.13
8/2/2005,43.07
7/2/2005,43.04
4/2/2005,43.89
3/2/2005,43.85
2/2/2005,44.01
1/2/2005,44.82
31/01/2005,45.92
28/01/2005,44.95
27/01/2005,46.44
26/01/2005,46.51
25/01/2005,46.96
24/01/2005,46.01
21/01/2005,45.73
20/01/2005,44.32
19/01/2005,44.71
18/01/2005,45.39
17/01/2005,45.03
14/01/2005,44.96
13/01/2005,45.09
12/1/2005,43.68
11/1/2005,43.12
10/1/2005,42.92
7/1/2005,43.18
6/1/2005,42.85
5/1/2005,40.51
4/1/2005,41.04
31/12/2004,40.46
30/12/2004,40.37
29/12/2004,39.17
24/12/2004,40.1
23/12/2004,40.72
22/12/2004,40.65
21/12/2004,42.34
20/12/2004,42.45
17/12/2004,43.39
16/12/2004,41.43
15/12/2004,41.97
14/12/2004,39.25
13/12/2004,37.84
10/12/2004,37.38
9/12/2004,39.67
8/12/2004,38.69
7/12/2004,38.27
6/12/2004,39.65
3/12/2004,39.36
2/12/2004,40.15
1/12/2004,42.31
30/11/2004,45.51
29/11/2004,45.75
26/11/2004,44.57
25/11/2004,44.66
24/11/2004,44.82
23/11/2004,44.45
22/11/2004,44.38
19/11/2004,44.89
18/11/2004,42.72
17/11/2004,42.76
16/11/2004,42.29
15/11/2004,43.04
12/11/2004,42.31
11/11/2004,43.02
10/11/2004,44.75
9/11/2004,43.71
8/11/2004,45.92
5/11/2004,46.42
4/11/2004,46.01
3/11/2004,47.56
2/11/2004,46.55
1/11/2004,47.06
29/10/2004,48.98
28/10/2004,48.37
27/10/2004,49.45
26/10/2004,51.56
25/10/2004,50.78
22/10/2004,51.22
21/10/2004,50.72
20/10/2004,50.52
19/10/2004,48.77
18/10/2004,48.91
15/10/2004,49.93
14/10/2004,50.09
13/10/2004,49.28
12/10/2004,49.6
11/10/2004,50.66
8/10/2004,48.7
7/10/2004,47.59
6/10/2004,46.95
5/10/2004,46.22
4/10/2004,46.34
1/10/2004,46.3
30/09/2004,46.22
29/09/2004,46.51
28/09/2004,46.04
27/09/2004,45.13
24/09/2004,45.1
23/09/2004,44.1
22/09/2004,43.27
21/09/2004,42.77
20/09/2004,41.73
17/09/2004,40.79
16/09/2004,41.8
15/09/2004,41.84
14/09/2004,40.97
13/09/2004,42.03
10/9/2004,41.12
9/9/2004,40.69
8/9/2004,40.59
7/9/2004,41.01
6/9/2004,41.59
3/9/2004,42
2/9/2004,40.73
1/9/2004,39.74
31/08/2004,40.82
27/08/2004,40.56
26/08/2004,42.19
25/08/2004,42.82
24/08/2004,43.68
23/08/2004,44.64
20/08/2004,43.86
19/08/2004,43.27
18/08/2004,42.76
17/08/2004,43.64
16/08/2004,42.92
13/08/2004,42.11
12/8/2004,41.52
11/8/2004,41.48
10/8/2004,41.19
9/8/2004,41.16
6/8/2004,40.74
5/8/2004,40.68
4/8/2004,40.48
3/8/2004,39.99
2/8/2004,39.92
30/07/2004,39.29
29/07/2004,39.32
28/07/2004,38.56
27/07/2004,38.37
26/07/2004,38.29
23/07/2004,37.78
22/07/2004,37.5
21/07/2004,37.84
20/07/2004,38.02
19/07/2004,38.02
16/07/2004,38.21
15/07/2004,37.29
14/07/2004,36.5
13/07/2004,37.22
12/7/2004,37.5
9/7/2004,37.23
8/7/2004,36.84
7/7/2004,36.96
6/7/2004,36.42
5/7/2004,35.98
2/7/2004,35.16
1/7/2004,33.78
30/06/2004,33.45
29/06/2004,34.15
28/06/2004,35.08
25/06/2004,35.32
24/06/2004,35.48
23/06/2004,35.58
22/06/2004,35.83
21/06/2004,36.31
18/06/2004,35.91
17/06/2004,35.26
16/06/2004,35.32
15/06/2004,35.59
14/06/2004,35.77
11/6/2004,35.78
10/6/2004,35.22
9/6/2004,35.9
8/6/2004,35.66
7/6/2004,36.01
4/6/2004,36.96
3/6/2004,38.08
2/6/2004,38.67
1/6/2004,36.65
28/05/2004,36.64
27/05/2004,37.51
26/05/2004,37.75
25/05/2004,37.47
24/05/2004,37
21/05/2004,38.06
20/05/2004,37.3
19/05/2004,37.4
18/05/2004,38.19
17/05/2004,38.78
14/05/2004,38.26
13/05/2004,37.77
12/5/2004,36.57
11/5/2004,36.13
10/5/2004,37.11
7/5/2004,37
6/5/2004,36.26
5/5/2004,35.68
4/5/2004,34.95
30/04/2004,34.3
29/04/2004,34.24
28/04/2004,34.11
27/04/2004,33.69
26/04/2004,33.38
23/04/2004,33.07
22/04/2004,32.8
21/04/2004,33.23
20/04/2004,33.82
19/04/2004,33.78
16/04/2004,33.15
15/04/2004,33.15
14/04/2004,33.56
13/04/2004,33.73
8/4/2004,31.91
7/4/2004,30.98
6/4/2004,30.68
5/4/2004,30.87
2/4/2004,31.66
1/4/2004,32.34
31/03/2004,32.25
30/03/2004,31.67
29/03/2004,32.09
26/03/2004,32.42
25/03/2004,33.34
24/03/2004,33.18
23/03/2004,32.91
22/03/2004,33.22
19/03/2004,33.29
18/03/2004,33.17
17/03/2004,33.47
16/03/2004,33.11
15/03/2004,32.67
12/3/2004,32.63
11/3/2004,32.34
10/3/2004,32.85
9/3/2004,33.39
8/3/2004,33.45
5/3/2004,32.72
4/3/2004,32.7
3/3/2004,33.32
2/3/2004,32.82
1/3/2004,31.9
27/02/2004,31.74
26/02/2004,31.33
25/02/2004,31.1
24/02/2004,30.86
23/02/2004,31.07
20/02/2004,31.06
19/02/2004,31.26
18/02/2004,30.7
17/02/2004,30.58
16/02/2004,30.37
13/02/2004,30.05
12/2/2004,29.95
11/2/2004,29.74
10/2/2004,29.2
9/2/2004,29.35
6/2/2004,29.02
5/2/2004,29.46
4/2/2004,30
3/2/2004,29.44
2/2/2004,29.4
30/01/2004,29.59
29/01/2004,30.19
28/01/2004,30.5
27/01/2004,30.45
26/01/2004,31.19
23/01/2004,31.01
22/01/2004,31.11
21/01/2004,31.18
20/01/2004,30.67
19/01/2004,30.01
16/01/2004,31.62
15/01/2004,31.36
14/01/2004,32.01
13/01/2004,31.49
12/1/2004,31.63
9/1/2004,30.94
8/1/2004,30.82
7/1/2004,31.01
6/1/2004,30.73
5/1/2004,29.83
2/1/2004,29.97
30/12/2003,29.36
29/12/2003,29.18
24/12/2003,28.93
23/12/2003,29.57
22/12/2003,30.68
19/12/2003,30.75
18/12/2003,30.45
17/12/2003,30.4
16/12/2003,30.03
15/12/2003,29.98
12/12/2003,29.62
11/12/2003,29.89
10/12/2003,29.87
9/12/2003,29.54
8/12/2003,29.08
5/12/2003,29.3
4/12/2003,28.94
3/12/2003,28.78
2/12/2003,28.09
1/12/2003,28.67
28/11/2003,28.63
27/11/2003,28.35
26/11/2003,28.02
25/11/2003,28.56
24/11/2003,29.65
21/11/2003,29.78
20/11/2003,30.04
19/11/2003,29.43
18/11/2003,29.18
17/11/2003,29.51
14/11/2003,29.29
13/11/2003,29.16
12/11/2003,29.07
11/11/2003,29.27
10/11/2003,28.84
7/11/2003,28.58
6/11/2003,27.82
5/11/2003,27.31
4/11/2003,27.81
3/11/2003,27.52
31/10/2003,27.28
30/10/2003,28.07
29/10/2003,28.27
28/10/2003,28.61
27/10/2003,29
24/10/2003,28.55
23/10/2003,28.68
22/10/2003,28.82
21/10/2003,28.59
20/10/2003,29.55
17/10/2003,31.14
16/10/2003,30.84
15/10/2003,30.79
14/10/2003,30.74
13/10/2003,30.59
10/10/2003,29.41
9/10/2003,28.85
8/10/2003,28.89
7/10/2003,29.1
6/10/2003,28.52
3/10/2003,28.11
2/10/2003,27.77
1/10/2003,27.35
30/09/2003,27.12
29/09/2003,26.76
26/09/2003,27.05
25/09/2003,26.41
24/09/2003,25.82
23/09/2003,25.54
22/09/2003,25.6
19/09/2003,25.56
18/09/2003,25.95
17/09/2003,26.28
16/09/2003,26.77
15/09/2003,26.86
12/9/2003,27.41
11/9/2003,27.55
10/9/2003,27.35
9/9/2003,27.44
8/9/2003,27.27
5/9/2003,27.52
4/9/2003,27.79
3/9/2003,28.39
2/9/2003,29.32
1/9/2003,29.68
29/08/2003,29.51
28/08/2003,29.56
27/08/2003,29.71
26/08/2003,29.7
22/08/2003,29.39
21/08/2003,28.68
20/08/2003,28.71
19/08/2003,29.13
18/08/2003,29.1
15/08/2003,28.84
14/08/2003,29.68
13/08/2003,29.94
12/8/2003,29.99
11/8/2003,30.26
8/8/2003,30
7/8/2003,30.03
6/8/2003,29.99
5/8/2003,29.74
4/8/2003,29.09
1/8/2003,28.56
31/07/2003,28.22
30/07/2003,28.03
29/07/2003,27.77
28/07/2003,28.11
25/07/2003,27.91
24/07/2003,27.73
23/07/2003,28.12
22/07/2003,28.65
21/07/2003,28.8
18/07/2003,28.62
17/07/2003,28.72
16/07/2003,29.04
15/07/2003,29.07
14/07/2003,29.13
11/7/2003,28.89
10/7/2003,28.35
9/7/2003,27.69
8/7/2003,27.68
7/7/2003,27.87
4/7/2003,28.42
3/7/2003,28.15
2/7/2003,28.12
1/7/2003,27.91
30/06/2003,27.27
27/06/2003,27.46
26/06/2003,27.17
25/06/2003,26.83
24/06/2003,27.06
23/06/2003,26.83
20/06/2003,26.22
19/06/2003,26.28
18/06/2003,26.65
17/06/2003,26.57
16/06/2003,27.38
13/06/2003,28.11
12/6/2003,28.07
11/6/2003,27.96
10/6/2003,27.77
9/6/2003,27.71
6/6/2003,27.03
5/6/2003,27.03
4/6/2003,27.35
3/6/2003,27.05
2/6/2003,26.38
30/05/2003,25.84
29/05/2003,26.01
28/05/2003,26.41
27/05/2003,26.3
23/05/2003,26.05
22/05/2003,26.15
21/05/2003,25.65
20/05/2003,26.12
19/05/2003,25.92
16/05/2003,26.77
15/05/2003,26.32
14/05/2003,25.39
13/05/2003,25.43
12/5/2003,25.17
9/5/2003,24.36
8/5/2003,23.81
7/5/2003,23.87
6/5/2003,23.93
2/5/2003,23.98
1/5/2003,23.74
30/04/2003,23.27
29/04/2003,23.61
28/04/2003,24.3
25/04/2003,24.28
24/04/2003,24.91
23/04/2003,25.73
22/04/2003,25.47
17/04/2003,25.11
16/04/2003,24.95
15/04/2003,24.62
14/04/2003,24.28
11/4/2003,24.91
10/4/2003,24.99
9/4/2003,24.67
8/4/2003,24.18
7/4/2003,24.8
4/4/2003,25.46
3/4/2003,25.48
2/4/2003,26.84
1/4/2003,27.3
31/03/2003,27.14
28/03/2003,26.52
27/03/2003,25.5
26/03/2003,25.94
25/03/2003,25.21
24/03/2003,24.88
21/03/2003,26.43
20/03/2003,27.51
19/03/2003,27.55
18/03/2003,29.74
17/03/2003,31.52
14/03/2003,33.4
13/03/2003,33.54
12/3/2003,33.81
11/3/2003,34.26
10/3/2003,33.96
7/3/2003,33.6
6/3/2003,33.24
5/3/2003,33.05
4/3/2003,32.35
3/3/2003,33.07
28/02/2003,33.37
27/02/2003,33
26/02/2003,33.17
25/02/2003,32.83
24/02/2003,32.07
21/02/2003,32.06
20/02/2003,32.39
19/02/2003,32.25
18/02/2003,31.94
17/02/2003,32.42
14/02/2003,33.08
13/02/2003,32.55
12/2/2003,32.08
11/2/2003,32.22
10/2/2003,32.04
7/2/2003,31.52
6/2/2003,31.37
5/2/2003,30.67
4/2/2003,30.76
3/2/2003,31.21
31/01/2003,31.08
30/01/2003,30.68
29/01/2003,30.3
28/01/2003,30.45
27/01/2003,30.14
24/01/2003,30.2
23/01/2003,30.58
22/01/2003,30.62
21/01/2003,30.75
20/01/2003,30.45
17/01/2003,31.65
16/01/2003,31.04
15/01/2003,30.38
14/01/2003,29.85
13/01/2003,29.87
10/1/2003,29.34
9/1/2003,29
8/1/2003,29.64
7/1/2003,30.47
6/1/2003,30.25
3/1/2003,29.5
2/1/2003,28.86
31/12/2002,30.15
30/12/2002,30.2
27/12/2002,29.77
24/12/2002,29.38
23/12/2002,28.38
20/12/2002,28.83
19/12/2002,28.25
18/12/2002,27.83
17/12/2002,28.38
13/12/2002,26.66
12/12/2002,26.47
11/12/2002,25.96
10/12/2002,25.84
9/12/2002,25.71
6/12/2002,25.64
5/12/2002,25.53
4/12/2002,25.9
3/12/2002,25.45
2/12/2002,25.12
29/11/2002,25.18
28/11/2002,25.28
27/11/2002,24.84
26/11/2002,25.09
25/11/2002,25.05
22/11/2002,24.87
21/11/2002,24.4
20/11/2002,24.39
19/11/2002,23.9
18/11/2002,23.26
15/11/2002,22.94
14/11/2002,23.42
13/11/2002,23.94
12/11/2002,24.01
11/11/2002,23.67
8/11/2002,23.98
7/11/2002,24.02
6/11/2002,24.72
5/11/2002,25.24
4/11/2002,25.72
1/11/2002,25.61
31/10/2002,25.46
30/10/2002,25.61
29/10/2002,25.59
28/10/2002,26.18
25/10/2002,26.69
24/10/2002,26.64
23/10/2002,26.49
22/10/2002,27.16
21/10/2002,27.93
18/10/2002,29.56
17/10/2002,29.58
16/10/2002,29.45
15/10/2002,29.65
14/10/2002,30
11/10/2002,29.34
10/10/2002,28.93
9/10/2002,29.3
8/10/2002,29.45
7/10/2002,29.6
4/10/2002,29.58
3/10/2002,29.73
2/10/2002,30.45
1/10/2002,30.8
30/09/2002,30.4
27/09/2002,30.5
26/09/2002,30.38
25/09/2002,30.6
24/09/2002,30.73
23/09/2002,30.67
20/09/2002,29.8
19/09/2002,29.45
18/09/2002,29.45
17/09/2002,29.05
16/09/2002,29.65
13/09/2002,29.78
12/9/2002,28.77
11/9/2002,29.75
10/9/2002,29.62
9/9/2002,29.7
6/9/2002,29.57
5/9/2002,28.95
4/9/2002,28.25
3/9/2002,27.75
30/08/2002,28.92
29/08/2002,28.9
28/08/2002,28.3
27/08/2002,28.8
26/08/2002,29.25
23/08/2002,28.73
22/08/2002,28.8
21/08/2002,29.2
20/08/2002,28.7
19/08/2002,29.75
16/08/2002,29.28
15/08/2002,29.02
14/08/2002,28.05
13/08/2002,27.88
12/8/2002,27.8
9/8/2002,26.8
8/8/2002,26.63
7/8/2002,26.45
6/8/2002,27.15
5/8/2002,26.55
2/8/2002,26.86
1/8/2002,26.43
31/07/2002,26.92
30/07/2002,27.32
29/07/2002,26.51
26/07/2002,26.5
25/07/2002,26.75
24/07/2002,26.83
23/07/2002,26.28
22/07/2002,26.65
19/07/2002,27.77
18/07/2002,27.53
17/07/2002,27.8
16/07/2002,27.7
15/07/2002,26.98
12/7/2002,27.47
11/7/2002,26.76
10/7/2002,26.72
9/7/2002,26.05
8/7/2002,26
3/7/2002,26.75
2/7/2002,26.73
1/7/2002,26.78
28/06/2002,26.8
27/06/2002,26.82
26/06/2002,26.7
25/06/2002,26.28
24/06/2002,26.6
21/06/2002,25.8
20/06/2002,25.9
19/06/2002,25.25
18/06/2002,25.35
17/06/2002,26.05
14/06/2002,25.9
13/06/2002,25.6
12/6/2002,24.6
11/6/2002,24.06
10/6/2002,24.26
7/6/2002,24.7
6/6/2002,24.75
5/6/2002,24.86
4/6/2002,25.25
3/6/2002,25.05
31/05/2002,25.2
30/05/2002,24.6
29/05/2002,25.73
28/05/2002,25.18
24/05/2002,25.85
23/05/2002,26.1
22/05/2002,26.35
21/05/2002,27
20/05/2002,28.25
17/05/2002,28.1
16/05/2002,27.8
15/05/2002,28.2
14/05/2002,29.3
13/05/2002,28.42
10/5/2002,27.9
9/5/2002,27.6
8/5/2002,27.7
7/5/2002,26.6
6/5/2002,26.08
3/5/2002,26.73
2/5/2002,26.15
1/5/2002,26.7
30/04/2002,27.26
29/04/2002,27.5
26/04/2002,27.05
25/04/2002,26.7
24/04/2002,26.43
23/04/2002,26.6
22/04/2002,26.35
19/04/2002,26.3
18/04/2002,26.09
17/04/2002,25.88
16/04/2002,24.7
15/04/2002,24.53
12/4/2002,23.4
11/4/2002,24.95
10/4/2002,26
9/4/2002,25.75
8/4/2002,26.5
5/4/2002,26.15
4/4/2002,26.5
3/4/2002,27.5
2/4/2002,27.68
1/4/2002,26.85
28/03/2002,26.25
27/03/2002,25.85
26/03/2002,25.43
25/03/2002,24.95
22/03/2002,25.25
21/03/2002,25.55
20/03/2002,24.9
19/03/2002,24.8
18/03/2002,25.05
15/03/2002,24.45
14/03/2002,24.5
13/03/2002,24.1
12/3/2002,24.14
11/3/2002,24.26
8/3/2002,23.75
7/3/2002,23.65
6/3/2002,23.09
5/3/2002,23.12
4/3/2002,22.38
1/3/2002,22.37
28/02/2002,21.68
27/02/2002,21.25
26/02/2002,21.35
25/02/2002,20.45
22/02/2002,21.02
21/02/2002,20.9
20/02/2002,20.4
19/02/2002,20.85
15/02/2002,21.45
14/02/2002,21.2
13/02/2002,21.13
12/2/2002,20.7
11/2/2002,21.3
8/2/2002,20.22
7/2/2002,19.55
6/2/2002,19.75
5/2/2002,20.05
4/2/2002,20.05
1/2/2002,20.35
31/01/2002,19.44
30/01/2002,19.02
29/01/2002,19.55
28/01/2002,20
25/01/2002,19.93
24/01/2002,19.67
23/01/2002,19.47
22/01/2002,18.9
18/01/2002,17.9
17/01/2002,17.9
16/01/2002,18.8
15/01/2002,18.85
14/01/2002,18.8
11/1/2002,19.6
10/1/2002,20.3
9/1/2002,20.11
8/1/2002,21.23
7/1/2002,21.43
4/1/2002,21.55
3/1/2002,20.32
2/1/2002,20.94
